,BAT ID,RA,DEC,z[OIII]_x,log_Lbol,Lbol Ref,log_Mbh,log_Mbh err (lower),log_Mbh err (upper),Mbh Ref,log_Eratio,Eratio Ref
0,1,0.2032,-7.1532,0.037483987,44.53,Swift,6.42,0.1,0.1,GH05,0.0,Swift
1,2,0.4419,-76.954,0.05849433,44.82,Swift,,,,None,,None
2,4,0.8643,27.6548,0.039689372,44.58,Swift,7.85,0.3,0.3,stellar,,None
3,5,1.0082,70.3217,0.096416239,45.38,Swift,,,,None,,None
4,6,1.5813,20.2029,0.025934098,44.8,BASS,7.29,0.3,0.3,TN12,-0.67,TN12
5,7,2.2982,-0.6152,0.073294542,44.99,Swift,8.91,0.32,0.32,stellar,,None
6,8,2.6292,10.9749,0.089375801,45.28,BASS,8.45,0.3,0.3,TN12,-1.34,TN12
7,10,5.2814,-19.1682,0.095730921,45.5,Swift,9.16,0.32,0.32,stellar,,None
8,13,6.387,68.3623,0.012485797,43.71,Swift,,,,None,,None
9,14,6.6695,-53.1633,0.063199949,45.04,Swift,,,,None,,None
10,16,7.3067,13.2675,0.139991432,45.5,BASS,7.93,0.3,0.3,TN12,-0.61,TN12
11,18,8.3266,61.462,0.104146548,45.49,Swift,8.84,0.1,0.1,GH05,-1.46,Swift
12,20,8.6368,-4.4033,0.213136154,46.24,Swift,,,,None,,None
13,24,9.6339,23.6133,0.025434488,44.35,Swift,,,,None,,None
14,28,10.72,-23.541,0.022065342,44.63,Swift,6.93,0.1,0.1,GH05,-0.42,Swift
15,29,10.7578,30.2888,0.052137757,44.6,Swift,,,,None,,None
16,31,10.7865,-11.601,0.019225745,43.78,Swift,,,,None,,None
17,32,11.586,-40.097,0.20087388,46.08,Swift,,,,None,,None
18,33,12.1964,31.957,0.015010814,44.8,Swift,6.02,0.1,0.1,GH05,0.66,Swift
19,36,12.9783,17.4329,0.060027655,44.37,BASS,7.82,0.3,0.3,TN12,-1.63,TN12
20,39,13.7171,25.4272,0.160055235,45.58,BASS,8.64,0.3,0.3,TN12,-1.24,TN12
21,43,14.972,31.8269,0.015163216,43.85,BASS,7.21,0.3,0.3,TN12,-1.54,TN12
22,44,15.1457,-47.8676,0.048433931,44.86,Swift,8.42,0.36,0.36,stellar,,None
23,45,15.3517,-3.1445,0.06983292,44.99,Swift,,,,None,,None
24,49,16.3617,-42.2162,0.030292567,44.31,Swift,8.56,0.31,0.31,stellar,,None
25,50,16.4082,-47.0717,0.019233351,43.69,Swift,7.5,1.0,1.0,stellar,,None
26,51,16.4117,-14.2704,0.066782835,45.05,Swift,,,,None,,None
27,53,16.6886,6.6339,0.041,44.69,Swift,,,,None,,None
28,55,16.9152,-11.6532,0.047480214,44.65,Swift,8.08,0.36,0.36,stellar,,None
29,58,17.865,-38.083,0.010884928,43.64,Swift,5.81,0.1,0.1,GH05,-0.28,Swift
30,61,18.4587,-14.8456,0.052998635,44.26,BASS,7.74,0.3,0.3,TN12,-1.65,TN12
31,60,18.4626,13.2717,0.048880685,44.18,BASS,7.22,0.3,0.3,TN12,-1.22,TN12
32,62,18.5292,-32.6509,0.012099669,43.57,Swift,7.3,0.46,0.46,stellar,,None
33,63,18.6038,-55.3971,0.012244797,43.67,Swift,8.52,0.45,0.45,stellar,,None
34,64,19.0618,31.0338,0.017654438,43.83,Swift,,,,None,,None
35,70,20.6435,50.055,0.020580137,43.99,Swift,8.41,0.38,0.38,stellar,,None
36,73,20.9408,-58.8057,0.045991104,44.92,BASS,8.05,0.3,0.3,TN12,-1.3,TN12
37,72,20.9766,-35.0654,0.018902453,44.61,Swift,8.17,0.41,0.41,stellar,,None
38,74,21.1119,33.7995,0.019138023,44.13,Swift,7.89,0.34,0.34,stellar,,None
39,77,21.8856,19.1788,0.016687223,44.27,BASS,6.61,0.3,0.3,TN12,-0.52,TN12
40,79,22.1017,16.4593,0.038738252,44.61,Swift,5.81,0.1,0.1,GH05,0.69,Swift
41,80,22.2818,-60.645,0.203481489,45.95,Swift,7.54,0.1,0.1,GH05,0.3,Swift
42,81,22.4636,-42.3265,0.025022677,44.01,Swift,7.39,0.32,0.32,stellar,,None
43,82,22.5887,-46.0292,0.111620125,45.24,Swift,,,,None,,None
44,83,22.9601,-33.1193,0.016269782,43.84,Swift,7.69,0.35,0.35,stellar,,None
45,84,23.4906,-36.4933,0.029771,44.95,Swift,8.99,0.33,0.33,stellar,,None
46,85,23.6902,-4.5036,0.079258986,45.45,Swift,,,,None,,None
47,87,24.6548,-40.0114,0.025197912,44.9,Swift,8.45,0.31,0.31,stellar,,None
48,88,24.85,29.4019,0.072713676,44.82,Swift,7.52,0.1,0.1,GH05,-0.82,Swift
49,89,25.1116,-53.3276,0.072115898,45.1,Swift,,,,None,,None
50,90,25.4906,39.3914,0.079629018,44.71,BASS,8.87,0.3,0.3,TN12,-2.34,TN12
51,94,27.3428,-50.2521,0.029834032,44.08,BASS,7.87,0.3,0.3,TN12,-1.96,TN12
52,95,27.9245,-36.1878,0.033258742,44.23,Swift,8.46,0.33,0.33,stellar,,None
53,96,28.2042,-3.4468,0.017197,44.09,Swift,,,,None,,None
54,99,29.2956,47.2666,0.047790728,44.81,BASS,7.54,0.3,0.3,TN12,-0.9,TN12
55,102,30.2769,-6.8155,0.013653008,44.43,Swift,8.21,0.34,0.34,stellar,,None
56,106,31.5666,-0.2914,0.042974155,44.74,BASS,8.03,0.3,0.3,TN12,-1.47,TN12
57,111,32.1455,-17.6594,0.129089772,45.22,BASS,9.23,0.3,0.3,TN12,-2.19,TN12
58,113,32.394044,52.442438,0.049350373,44.89,BASS,8.08,0.3,0.3,TN12,-1.36,TN12
59,114,32.7189,-49.6985,0.049725362,44.57,Swift,,,,None,,None
60,116,33.64,-0.767,0.026598665,44.31,BASS,8.0,0.3,0.3,TN12,-1.86,TN12
61,118,33.9062,-12.9918,0.1478803,45.82,Swift,8.43,0.31,0.31,stellar,,None
62,119,34.111375,51.423639,0.0288,44.46,Swift,,,,None,,None
63,120,34.3784,73.8257,2.367,49.08,Swift,,,,None,,None
64,123,35.8878917,45.821175,0.061284264,45.03,Swift,,,,None,,None
65,124,36.2612,-23.2133,0.232011241,46.12,Swift,,,,None,,None
66,126,36.2876,-63.224,0.057082834,44.96,Swift,,,,None,,None
67,127,36.6070417,-28.3496694,0.059877667,44.76,BASS,7.91,0.3,0.3,TN12,-1.34,TN12
68,129,37.0603,31.3117,0.016304275,44.08,BASS,7.29,0.3,0.3,TN12,-1.38,TN12
69,130,37.5227,-8.9979,0.015901506,44.13,BASS,6.44,0.3,0.3,TN12,-0.48,TN12
70,131,37.9625,-36.6721,0.01664838,43.98,Swift,6.06,0.1,0.1,GH05,-0.19,Swift
71,133,38.5838,32.5056,0.015968556,44.16,Swift,8.86,0.43,0.43,stellar,,None
72,134,38.6574,-8.7876,0.043008294,44.42,BASS,7.92,0.3,0.3,TN12,-1.68,TN12
73,135,38.8061,-29.6047,0.059968164,45.2,Swift,,,,None,,None
74,136,39.5821,-52.1923,0.0455,45.06,Swift,,,,None,,None
75,137,39.6796,-61.2896,0.054296686,44.84,Swift,,,,None,,None
76,138,39.704,-40.6439,0.06128239,44.98,Swift,,,,None,,None
77,140,40.27,-8.2558,0.004456116,43.03,Swift,5.6,0.1,0.1,GH05,-0.68,Swift
78,142,40.5158,5.1684,0.069,45.05,Swift,9.23,0.29,0.29,stellar,,None
79,144,40.6696,-0.0133,0.003026845,42.73,Swift,6.52,0.1,0.1,GH05,-1.91,Swift
80,145,41.0125,53.4745,0.036390163,44.32,Swift,,,,None,,None
81,147,41.2404,62.4685,0.049485102,44.15,BASS,8.09,0.3,0.3,TN12,-2.12,TN12
82,149,42.2472,26.5109,0.058232635,45.34,Swift,9.15,0.33,0.33,stellar,,None
83,150,42.6133,46.7915,0.021364827,44.22,Swift,6.01,0.1,0.1,GH05,0.1,Swift
84,151,42.6775,54.7049,0.015294995,44.06,Swift,,,,None,,None
85,153,42.918,-16.651,0.011284449,43.6,Swift,7.34,0.9,0.9,stellar,,None
86,156,43.0975,-8.5104,0.016748207,44.12,Swift,7.79,0.3,0.3,stellar,,None
87,157,43.8008,-0.1836,0.028942089,45.13,Swift,9.25,0.3,0.3,stellar,,None
88,159,44.0898,-32.1856,0.016879267,44.2,Swift,,,,None,,None
89,162,45.018,-10.8246,0.032648414,44.61,BASS,8.71,0.3,0.3,TN12,-2.28,TN12
90,163,45.9546,-1.1037,0.013571922,44.08,Swift,8.12,0.29,0.29,stellar,,None
91,164,46.8972,-72.834,0.027788744,44.25,Swift,,,,None,,None
92,165,47.0449,-22.9608,0.035699769,44.41,Swift,8.27,0.34,0.34,stellar,,None
93,167,47.8284,-20.7717,0.066164784,44.46,BASS,8.0,0.3,0.3,TN12,-1.72,TN12
94,169,48.0123,50.4874,0.062397785,44.73,BASS,8.02,0.3,0.3,TN12,-1.47,TN12
95,170,48.258,41.333,0.134480223,45.01,BASS,9.16,0.3,0.3,TN12,-2.33,TN12
96,171,49.2592,1.255,0.023664542,44.13,Swift,7.82,0.32,0.32,stellar,,None
97,172,49.5791,68.4921,0.08946458,45.45,Swift,,,,None,,None
98,173,49.9507,41.5117,0.019193427,44.14,BASS,6.48,0.3,0.3,TN12,-0.52,TN12
99,178,51.348,-56.5957,0.060235,44.78,Swift,9.1,0.31,0.31,stellar,,None
100,179,52.1522,-28.6989,0.108793082,45.51,Swift,,,,None,,None
101,180,52.7174,5.6404,0.045763134,44.64,Swift,7.28,0.1,0.1,GH05,-0.76,Swift
102,182,52.8459,-5.1418,0.013158945,43.6,Swift,7.07,0.75,0.75,stellar,,None
103,183,53.3282,37.303,0.05469745,44.84,BASS,8.05,0.3,0.3,TN12,-1.39,TN12
104,184,53.4016,-36.1404,0.005329368,43.31,Swift,,,,None,,None
105,185,53.6022,-15.2277,0.034814949,44.45,Swift,,,,None,,None
106,188,54.1255,32.3082,1.258,48.51,Swift,,,,None,,None
107,189,55.5155,-21.2444,0.01439698,44.22,Swift,,,,None,,None
108,190,56.3022,-39.5748,0.040032044,44.53,BASS,7.8,0.3,0.3,TN12,-1.45,TN12
109,192,57.3467,-11.9908,0.032058976,44.5,Swift,,,,None,,None
110,193,57.595667,-50.302611,0.036492,44.71,Swift,,,,None,,None
111,194,57.9237,-40.4665,0.058681123,44.9,Swift,,,,None,,None
112,195,58.2396,-68.5214,0.087,45.37,Swift,,,,None,,None
113,196,58.427,37.235,0.018643818,43.98,Swift,8.54,0.33,0.33,stellar,,None
114,197,58.5395,2.8252,0.03547367,44.26,BASS,7.19,0.3,0.3,TN12,-1.11,TN12
115,199,59.083,-62.861,0.107564061,45.47,Swift,,,,None,,None
116,200,59.2356,-40.696,0.074722047,45.33,Swift,,,,None,,None
117,203,59.7868,-30.3029,0.093992664,45.29,Swift,,,,None,,None
118,202,59.8354,-30.2027,0.097613904,45.21,Swift,,,,None,,None
119,205,60.607,-18.048,0.026318603,44.5,Swift,8.07,0.41,0.41,stellar,,None
120,206,60.974,-36.0839,1.422838,48.06,Swift,,,,None,,None
121,207,61.257,-37.1875,0.055210495,44.8,Swift,,,,None,,None
122,208,61.3917,-13.1371,0.56987977,46.47,BASS,9.04,0.3,0.3,TN12,-0.74,TN12
123,209,61.8186,3.7072,0.08839173,45.64,Swift,,,,None,,None
124,213,63.7195,-7.9278,0.039921548,44.52,BASS,7.85,0.3,0.3,TN12,-1.5,TN12
125,214,64.5887,38.0266,0.04928543,45.36,BASS,8.27,0.3,0.3,TN12,-1.09,TN12
126,216,65.0017,-54.9378,0.005017,42.49,Swift,5.74,0.1,0.1,GH05,-1.37,Swift
127,217,65.6007,-56.226,0.043526279,44.88,Swift,,,,None,,None
128,218,65.9199,4.1338,0.046157304,44.98,Swift,,,,None,,None
129,220,66.5035,-57.2001,0.104097835,45.32,BASS,8.07,0.3,0.3,TN12,-0.94,TN12
130,224,67.4095,-21.1622,0.070005118,45.1,BASS,8.82,0.3,0.3,TN12,-1.89,TN12
131,223,67.4475875,-67.055625,0.064972102,44.83,BASS,7.94,0.3,0.3,TN12,-1.28,TN12
132,226,68.2962,5.3543,0.032980885,44.02,BASS,7.11,0.3,0.3,TN12,-1.26,TN12
133,227,68.3638,-58.7263,0.102607433,45.37,Swift,8.5,0.4,0.4,stellar,,None
134,228,69.093,-10.376,0.034621521,44.69,BASS,7.5,0.3,0.3,TN12,-0.98,TN12
135,230,69.5591,-10.7959,0.035905104,44.49,BASS,8.33,0.3,0.3,TN12,-2.01,TN12
136,232,70.1989,27.6631,0.037564951,44.57,BASS,8.07,0.3,0.3,TN12,-1.67,TN12
137,237,71.0376,28.2168,0.010373888,44.01,Swift,8.17,0.36,0.36,stellar,,None
138,239,71.624,18.4609,0.015763759,43.81,Swift,5.97,0.1,0.1,GH05,-0.28,Swift
139,242,72.9229,-3.8094,0.015607057,43.83,BASS,7.25,0.3,0.3,TN12,-1.59,TN12
140,243,72.9335,-58.1835,0.090726507,45.54,Swift,7.92,0.1,0.1,GH05,-0.49,Swift
141,244,73.0208,49.5459,0.028701053,44.58,BASS,8.12,0.3,0.3,TN12,-1.71,TN12
142,245,73.3573,4.0616,0.029586628,44.66,Swift,8.31,0.32,0.32,stellar,,None
143,246,73.6788,-43.2397,0.086994411,45.22,Swift,,,,None,,None
144,247,73.9957,-75.5412,0.018134917,44.1,Swift,,,,None,,None
145,249,74.983667,27.100583,0.061155353,45.25,Swift,,,,None,,None
146,254,75.7426,22.9977,0.058195505,45.22,BASS,7.97,0.3,0.3,TN12,-0.92,TN12
147,256,76.1425,-73.8242,0.045092574,44.51,Swift,,,,None,,None
148,258,76.4405,-23.8539,0.036321673,45.17,Swift,,,,None,,None
149,260,77.082,17.363,0.01735897,44.15,Swift,6.54,0.1,0.1,GH05,-0.5,Swift
150,261,77.6896,16.4989,0.017338227,43.95,BASS,7.29,0.3,0.3,TN12,-1.51,TN12
151,262,77.9908,-18.4939,0.042044347,44.66,Swift,8.28,0.34,0.34,stellar,,None
152,265,78.8324,18.9143,0.023433798,44.47,Swift,9.09,0.35,0.35,stellar,,None
153,266,79.0476,-0.1498,0.032462511,45.52,BASS,8.72,0.3,0.3,TN12,-1.38,TN12
154,268,79.0882,-10.5615,0.028676403,44.31,Swift,,,,None,,None
155,269,79.8993,-32.6578,0.012528829,43.89,BASS,7.42,0.3,0.3,TN12,-1.7,TN12
156,270,79.957,-45.779,0.035058,44.94,Swift,,,,None,,None
157,273,80.7416,-36.4586,0.056546,45.32,Swift,,,,None,,None
158,274,81.028875,-12.1690861,0.049165401,45.33,BASS,8.76,0.3,0.3,TN12,-1.6,TN12
159,279,81.6135,-21.2866,0.027684529,44.29,Swift,8.05,0.4,0.4,stellar,,None
160,285,83.2397,13.7525,0.023990921,44.01,BASS,8.05,0.3,0.3,TN12,-2.21,TN12
161,291,83.8838,40.1877,0.020650276,44.25,BASS,7.06,0.3,0.3,TN12,-0.99,TN12
162,301,85.8873,-27.6514,0.009189968,43.64,BASS,6.98,0.3,0.3,TN12,-1.52,TN12
163,302,86.0,-43.424,0.044640722,44.43,Swift,,,,None,,None
164,303,86.0941,59.1267,0.067250309,45.36,Swift,,,,None,,None
165,304,86.8121,50.6404,0.03580937,44.76,Swift,,,,None,,None
166,306,87.6699,-32.2716,0.069,45.17,Swift,,,,None,,None
167,308,88.0474,-7.4562,0.007391231,44.59,Swift,9.25,0.31,0.31,stellar,,None
168,310,88.7234,46.4393,0.020088158,44.39,BASS,7.62,0.3,0.3,TN12,-1.4,TN12
169,311,88.8784,39.8137,2.365,48.79,Swift,,,,None,,None
170,313,89.5083,-38.3346,0.034435983,44.25,BASS,6.87,0.3,0.3,TN12,-0.8,TN12
171,314,89.9474,-50.4477,0.136733368,45.28,BASS,7.33,0.3,0.3,TN12,-0.22,TN12
172,316,90.5436542,28.4720528,0.032887838,44.6,BASS,7.79,0.3,0.3,TN12,-1.36,TN12
173,317,90.6581,65.3712,0.017491274,44.01,Swift,8.94,0.42,0.42,stellar,,None
174,319,91.4235,-86.6319,0.006228,43.21,Swift,,,,None,,None
175,318,91.454,-27.9112,0.089770697,44.77,BASS,8.12,0.3,0.3,TN12,-1.53,TN12
176,320,92.5272,-62.7201,0.156015954,45.7,Swift,,,,None,,None
177,325,93.9015,71.0375,0.013439014,44.66,Swift,6.8,0.1,0.1,GH05,-0.25,Swift
178,329,95.94,-60.979,0.040521,44.94,Swift,,,,None,,None
179,330,95.9434,-32.2166,0.022436809,44.35,Swift,,,,None,,None
180,334,96.7442,-37.0996,0.038665227,44.51,Swift,,,,None,,None
181,337,98.196542,63.673667,0.04041651,44.53,Swift,7.61,0.66,0.66,stellar,,None
182,338,98.514667,-74.777111,0.111915744,45.19,BASS,8.22,0.3,0.3,TN12,-1.2,TN12
183,342,100.0487,-25.8954,0.02485,44.63,Swift,,,,None,,None
184,344,100.1583,-43.3558,0.060858532,45.12,Swift,,,,None,,None
185,345,100.3252,32.8254,0.048603019,45.19,Swift,8.12,0.35,0.35,stellar,,None
186,347,103.0511,74.4271,0.01901138,44.8,BASS,8.2,0.3,0.3,TN12,-1.58,TN12
187,348,103.6424167,7.0558333,0.023953648,44.27,Swift,6.68,0.1,0.1,GH05,-0.53,Swift
188,349,103.9564,40.0002,0.016922744,44.04,Swift,6.91,0.1,0.1,GH05,-0.98,Swift
189,350,104.0498,-49.3306,0.041006118,44.58,Swift,8.61,0.32,0.32,stellar,,None
190,353,104.7945,24.0278,0.091204354,45.3,Swift,,,,None,,None
191,358,107.1803,-46.7137,0.046839772,44.75,Swift,8.25,0.37,0.37,stellar,,None
192,360,107.3087,-36.0227,0.1108,45.7,Swift,,,,None,,None
193,362,108.5161,35.2793,0.01578871,43.88,Swift,6.25,0.1,0.1,GH05,-0.49,Swift
194,363,108.5628,45.6988,0.059803336,44.99,BASS,8.17,0.3,0.3,TN12,-1.36,TN12
195,372,111.8377083,-24.1089861,0.121593191,45.8,Swift,9.31,0.1,0.1,GH05,-1.63,Swift
196,376,113.2883,45.9184,0.141755238,45.56,BASS,8.36,0.3,0.3,TN12,-0.99,TN12
197,378,114.2374,58.7704,0.039851445,44.61,BASS,7.59,0.3,0.3,TN12,-1.15,TN12
198,379,114.9362,-31.7174,0.026433636,44.53,Swift,,,,None,,None
199,382,115.6367,49.8097,0.0221231,44.49,BASS,7.64,0.3,0.3,TN12,-1.33,TN12
200,383,115.6739,65.1771,0.036586396,44.43,Swift,,,,None,,None
201,384,115.8114,-25.7639,0.023850532,44.01,BASS,7.0,0.3,0.3,TN12,-1.17,TN12
202,385,116.038034,29.247405,0.016050937,43.9,Swift,7.81,0.33,0.33,stellar,,None
203,387,116.6078,25.8173,2.993667126,49.48,Swift,,,,None,,None
204,389,116.8714,60.9335,0.029397042,44.44,BASS,7.41,0.3,0.3,TN12,-1.14,TN12
205,390,116.9098,-73.4314,0.035929255,44.53,Swift,,,,None,,None
206,394,118.0743,19.5951,0.117289975,45.41,BASS,9.36,0.3,0.3,TN12,-2.13,TN12
207,395,118.1842,45.9493,0.051636873,44.89,Swift,7.79,0.1,0.1,GH05,-1.01,Swift
208,397,119.0817,-41.6284,0.021031,43.93,Swift,6.32,0.1,0.1,GH05,-0.5,Swift
209,398,119.9242,-38.7322,0.040200892,44.9,BASS,8.45,0.3,0.3,TN12,-1.72,TN12
210,399,119.9728,23.3901,0.028940753,44.73,Swift,5.8,0.1,0.1,GH05,0.82,Swift
211,400,120.0874,26.6135,0.026558096,44.62,Swift,6.38,0.1,0.1,GH05,0.13,Swift
212,403,120.8641,8.6978,0.047144044,44.27,BASS,7.69,0.3,0.3,TN12,-1.6,TN12
213,404,121.0244,5.1138,0.013540357,44.25,Swift,6.2,0.1,0.1,GH05,-0.06,Swift
214,405,121.1933,10.7767,0.034855809,44.53,Swift,8.21,0.3,0.3,stellar,,None
215,406,121.2208,-1.1466,0.091465427,45.35,Swift,8.45,0.41,0.41,stellar,,None
216,408,121.921,39.0042,0.023160813,43.97,Swift,6.07,0.1,0.1,GH05,-0.21,Swift
217,409,122.744,76.045,0.098869577,45.44,BASS,8.13,0.3,0.3,TN12,-0.86,TN12
218,411,123.6055,4.3424,0.034263681,44.24,BASS,6.99,0.3,0.3,TN12,-0.93,TN12
219,413,124.561,1.374,0.088970831,45.53,Swift,,,,None,,None
220,416,125.7546,-4.9349,0.022236501,44.62,Swift,8.14,0.31,0.31,stellar,,None
221,418,127.4277,41.9102,0.126418143,44.71,BASS,8.56,0.3,0.3,TN12,-2.03,TN12
222,419,127.5689,-67.4248,0.034685526,44.25,Swift,,,,None,,None
223,420,128.106,37.127,0.092264048,45.14,BASS,9.13,0.3,0.3,TN12,-2.17,TN12
224,425,129.9609,-12.2428,0.19768016,45.41,BASS,8.27,0.3,0.3,TN12,-1.03,TN12
225,426,130.0099,29.8174,0.064742323,45.11,Swift,8.77,0.31,0.31,stellar,,None
226,428,130.3515,70.8951,2.172,49.28,Swift,,,,None,,None
227,429,130.5232,7.9904,0.133675467,45.77,Swift,8.78,0.1,0.1,GH05,-1.13,Swift
228,430,130.9375,35.8283,0.053941998,44.77,Swift,8.45,0.31,0.31,stellar,,None
229,432,131.3272,14.3428,0.06070303,45.15,Swift,7.69,0.1,0.1,GH05,-0.65,Swift
230,431,131.3390667,-35.5067278,0.137277811,45.46,BASS,8.98,0.3,0.3,TN12,-1.69,TN12
231,434,133.8023,64.3959,0.036188981,44.63,Swift,8.35,0.3,0.3,stellar,,None
232,435,133.8228,-28.9059,0.07285736,44.95,Swift,,,,None,,None
233,436,133.9072,78.2231,0.00467,42.88,Swift,,,,None,,None
234,437,134.877,44.9139,0.00604028,42.75,Swift,,,,None,,None
235,439,135.493,60.152,0.011006051,43.42,Swift,5.92,0.1,0.1,GH05,-0.61,Swift
236,440,135.664,-68.227,0.013346,43.82,Swift,8.71,0.33,0.33,stellar,,None
237,442,135.9287,-74.2381,0.090541499,45.33,Swift,,,,None,,None
238,443,136.154,55.6008,0.037420198,44.07,BASS,7.09,0.3,0.3,TN12,-1.2,TN12
239,445,137.3164,3.9119,3.287569523,48.91,Swift,,,,None,,None
240,446,137.8749,45.4683,0.026700576,44.32,Swift,7.61,0.32,0.32,stellar,,None
241,447,139.0392,-62.3249,0.057026851,45.74,BASS,8.58,0.3,0.3,TN12,-1.02,TN12
242,448,139.3634,-64.9409,0.085631124,45.28,Swift,7.86,0.1,0.1,GH05,-0.7,Swift
243,449,139.6084,16.3053,0.029485365,44.98,BASS,8.48,0.3,0.3,TN12,-1.68,TN12
244,450,139.805,55.4653,0.048959625,44.57,Swift,7.72,0.32,0.32,stellar,,None
245,451,139.992,37.191,0.007531984,43.75,Swift,7.1,0.32,0.32,stellar,,None
246,453,140.1927,-8.0561,0.019602467,44.45,Swift,7.88,0.35,0.35,stellar,,None
247,455,140.9292,22.909,0.0332672,44.59,BASS,7.34,0.3,0.3,TN12,-0.92,TN12
248,456,140.9739,-31.6919,0.042625614,44.81,Swift,,,,None,,None
249,458,141.3036,52.2863,0.035512615,44.0,BASS,6.64,0.3,0.3,TN12,-0.81,TN12
250,459,141.4481,69.4648,0.039529339,44.56,BASS,7.88,0.3,0.3,TN12,-1.49,TN12
251,460,141.5137,12.7343,0.028916319,44.31,BASS,7.04,0.3,0.3,TN12,-0.91,TN12
252,457,141.5735,-84.3593,0.062910038,44.83,Swift,,,,None,,None
253,461,141.8271,23.0201,0.026751885,44.11,BASS,8.09,0.3,0.3,TN12,-2.16,TN12
254,463,142.4077,62.544,0.025603768,44.03,Swift,8.17,0.29,0.29,stellar,,None
255,466,143.8629,26.286,0.122427076,44.97,BASS,7.94,0.3,0.3,TN12,-1.15,TN12
256,467,143.9652,61.3531,0.039343376,44.35,Swift,6.21,0.1,0.1,GH05,0.03,Swift
257,468,144.026,-65.8093,0.039251504,44.57,Swift,,,,None,,None
258,470,145.52,23.6853,0.021656496,43.87,BASS,7.03,0.3,0.3,TN12,-1.33,TN12
259,471,146.4252,-14.3264,0.007574602,43.41,Swift,5.42,0.1,0.1,GH05,-0.12,Swift
260,472,146.9173,-30.9489,0.00830812,44.39,Swift,5.86,0.1,0.1,GH05,0.42,Swift
261,473,146.938,7.4224,0.0863761,44.75,BASS,8.61,0.3,0.3,TN12,-2.03,TN12
262,474,147.441,73.24,0.057931684,45.0,Swift,9.15,0.3,0.3,stellar,,None
263,475,147.9793,-6.8229,0.014413608,43.86,Swift,7.69,0.43,0.43,stellar,,None
264,476,148.084,-62.543,0.252,46.39,Swift,,,,None,,None
265,477,148.888,69.065,-0.000113,41.31,Swift,5.05,0.1,0.1,GH05,-1.85,Swift
266,480,149.8731,-22.8263,0.007633362,43.75,Swift,8.41,0.47,0.47,stellar,,None
267,481,149.9827,13.0438,0.035640135,44.28,BASS,6.88,0.3,0.3,TN12,-0.78,TN12
268,483,150.4563,28.7858,0.184806143,45.76,Swift,8.23,0.1,0.1,GH05,-0.59,Swift
269,484,150.4908,55.6798,0.003401356,43.06,Swift,8.27,0.3,0.3,stellar,,None
270,486,151.4807,-23.0569,0.012915478,43.64,Swift,,,,None,,None
271,488,152.2025,-9.9142,0.057527785,44.92,Swift,,,,None,,None
272,489,152.4509,-42.8112,0.033415487,44.86,Swift,,,,None,,None
273,492,153.333,-35.9827,0.028188737,44.47,Swift,,,,None,,None
274,493,154.3201,-4.0822,0.040906645,44.66,Swift,,,,None,,None
275,495,154.9941,-2.5767,0.059464193,44.52,BASS,8.34,0.3,0.3,TN12,-2.0,TN12
276,496,155.4177,-3.4539,0.041028757,44.81,Swift,,,,None,,None
277,497,155.8774,19.8651,0.003294542,43.28,BASS,6.78,0.3,0.3,TN12,-1.67,TN12
278,498,157.44,-38.3486,0.015061086,43.7,Swift,7.41,0.45,0.45,stellar,,None
279,500,157.8271,50.8933,0.360403,46.24,Swift,,,,None,,None
280,502,157.967,-34.8537,0.011134145,44.28,Swift,,,,None,,None
281,501,157.9763,-14.2809,0.085124634,45.4,BASS,8.59,0.3,0.3,TN12,-1.37,TN12
282,503,158.1855,-28.6101,0.012088,43.61,Swift,8.07,0.36,0.36,stellar,,None
283,504,158.5981,73.014,0.022360985,44.07,Swift,,,,None,,None
284,507,159.6883,-49.7816,0.060170766,44.81,BASS,8.36,0.3,0.3,TN12,-1.73,TN12
285,509,160.0939,-46.4238,0.023853277,44.41,Swift,8.52,0.29,0.29,stellar,,None
286,512,160.8603,11.0901,0.047972627,44.4,BASS,7.91,0.3,0.3,TN12,-1.69,TN12
287,513,161.0356,70.4054,0.03203354,44.39,Swift,,,,None,,None
288,515,161.204,38.181,0.026056324,44.24,Swift,7.17,0.32,0.32,stellar,,None
289,517,161.677,25.9313,0.020479089,44.17,Swift,8.15,0.3,0.3,stellar,,None
290,518,162.0977,-25.1621,0.012942079,43.89,Swift,7.52,0.06,0.03,C04;K08,,None
291,519,162.3789,22.9644,0.032645952,44.8,Swift,8.15,0.3,0.3,stellar,,None
292,520,162.8127,-17.008,0.017440364,44.09,Swift,8.12,0.36,0.36,stellar,,None
293,522,163.137,10.606,0.088024129,45.41,Swift,9.04,0.32,0.32,stellar,,None
294,523,164.9315,65.0684,0.083493054,45.2,Swift,8.45,0.32,0.32,stellar,,None
295,524,165.2574,11.0469,0.035999909,44.13,BASS,7.71,0.3,0.3,TN12,-1.75,TN12
296,526,165.9067,-23.492,0.186,46.01,Swift,,,,None,,None
297,525,165.9178,37.4904,0.073802864,45.01,Swift,8.05,0.1,0.1,GH05,-1.16,Swift
298,527,166.1138,38.2088,0.030021,45.42,Swift,,,,None,,None
299,529,166.4068,58.8558,0.19155018,45.35,BASS,8.45,0.3,0.3,TN12,-1.28,TN12
300,528,166.4959,58.946,0.047749003,44.4,Swift,8.36,0.29,0.29,stellar,,None
301,530,166.6979,72.5686,0.008696354,44.07,BASS,7.62,0.3,0.3,TN12,-1.72,TN12
302,531,167.7,-28.5011,0.023799498,43.84,Swift,,,,None,,None
303,532,168.457,9.586,0.029265066,43.91,BASS,7.23,0.3,0.3,TN12,-1.5,TN12
304,533,168.5103,20.3873,0.026151,44.07,Swift,8.24,0.3,0.3,stellar,,None
305,534,168.683,79.7266,0.037227662,44.48,Swift,,,,None,,None
306,535,168.8333,54.388,0.070269315,44.95,Swift,8.58,0.31,0.31,stellar,,None
307,537,169.9084,51.5543,0.107516631,44.8,BASS,8.29,0.3,0.3,TN12,-1.67,TN12
308,538,170.2,-43.264,0.056459648,44.97,Swift,,,,None,,None
309,542,171.4007,54.3825,0.020872183,43.76,BASS,7.05,0.3,0.3,TN12,-1.47,TN12
310,543,171.7021,35.2509,0.032223062,44.27,Swift,8.18,0.4,0.4,stellar,,None
311,544,171.8178,19.1556,0.105708655,45.55,Swift,,,,None,,None
312,545,172.5294,-14.8243,1.184,48.34,Swift,,,,None,,None
313,548,173.1452,53.0679,0.002792471,42.52,Swift,4.56,0.1,0.1,GH05,-0.16,Swift
314,549,173.2053,10.2965,0.04399031,44.22,BASS,7.97,0.3,0.3,TN12,-1.93,TN12
315,550,173.2479,10.3951,0.540099918,46.15,BASS,8.51,0.3,0.3,TN12,-0.54,TN12
316,552,174.122,21.596,0.029737955,44.19,BASS,7.14,0.3,0.3,TN12,-1.12,TN12
317,551,174.1253,67.6179,0.134232,45.61,Swift,8.95,0.3,0.3,stellar,,None
318,553,174.1752,-60.0519,0.014184928,43.87,Swift,,,,None,,None
319,554,174.6405,25.3981,0.025358469,44.02,Swift,7.82,0.31,0.31,stellar,,None
320,557,174.7129,-23.36,0.027174892,44.35,Swift,7.62,0.59,0.59,stellar,,None
321,558,174.7572,-37.7386,0.009420685,44.16,BASS,7.29,0.3,0.3,TN12,-1.3,TN12
322,556,174.787,59.199,0.061560023,44.88,BASS,7.98,0.3,0.3,TN12,-1.28,TN12
323,555,174.8131,25.5994,0.219220449,45.8,Swift,8.87,0.37,0.37,stellar,,None
324,560,174.927,31.909,0.008973507,43.65,Swift,6.58,0.1,0.1,GH05,-1.05,Swift
325,561,175.3173,21.9394,0.063545711,44.83,BASS,7.76,0.3,0.3,TN12,-1.1,TN12
326,565,176.124,36.886,0.038559749,44.23,BASS,8.15,0.3,0.3,TN12,-2.09,TN12
327,566,176.3168,79.6815,0.006315653,43.13,BASS,5.66,0.3,0.3,TN12,-0.71,TN12
328,568,176.3881,58.9781,0.009937,43.45,Swift,8.61,0.45,0.45,stellar,,None
329,567,176.4186,-18.4543,0.032626178,44.77,BASS,7.31,0.3,0.3,TN12,-0.72,TN12
330,569,176.4734,-69.9005,0.243225038,45.93,BASS,8.54,0.3,0.3,TN12,-0.79,TN12
331,572,176.9795,9.0413,0.06925673,44.82,BASS,8.4,0.3,0.3,TN12,-1.76,TN12
332,575,177.3397,53.3371,0.095523536,44.39,BASS,8.61,0.3,0.3,TN12,-2.39,TN12
333,576,178.0148,-11.3734,0.049998577,44.66,BASS,7.47,0.3,0.3,TN12,-0.98,TN12
334,578,178.3519,49.5191,0.333816558,45.53,BASS,8.41,0.3,0.3,TN12,-1.05,TN12
335,579,179.4839,55.4536,0.003496,42.83,Swift,6.31,0.1,0.1,GH05,-1.6,Swift
336,580,179.7191,42.5703,0.031356414,44.38,Swift,8.6,0.29,0.29,stellar,,None
337,581,179.9208,-19.99,0.45,46.98,Swift,,,,None,,None
338,582,180.2413,6.8064,0.035850591,44.7,Swift,8.31,0.3,0.3,stellar,,None
339,583,180.3098,-3.6781,0.019756732,43.77,BASS,6.83,0.3,0.3,TN12,-1.24,TN12
340,584,180.6985,-53.8355,0.027738274,44.83,Swift,7.98,0.34,0.34,stellar,,None
341,585,180.7901,44.5313,0.002029373,42.81,BASS,5.34,0.3,0.3,TN12,-0.71,TN12
342,586,181.1237,20.3162,0.022721672,44.44,Swift,8.18,0.29,0.29,stellar,,None
343,587,181.1754,27.9033,0.165711015,45.08,BASS,8.49,0.3,0.3,TN12,-1.59,TN12
344,588,181.1806,31.1773,0.025079696,44.18,Swift,6.96,0.1,0.1,GH05,-0.89,Swift
345,589,181.4834,49.999,0.063432231,44.5,BASS,8.42,0.3,0.3,TN12,-2.09,TN12
346,590,181.5963,52.7109,0.001848017,43.05,Swift,8.75,0.33,0.33,stellar,,None
347,591,181.887,33.878,0.078989115,45.25,Swift,8.55,0.3,0.3,stellar,,None
348,592,182.3088,47.0583,0.024472991,44.39,Swift,7.82,0.29,0.29,stellar,,None
349,593,182.3741,43.6853,0.002919506,43.09,Swift,7.3,0.5,0.5,stellar,,None
350,594,182.5168,-46.6076,0.031608368,44.53,Swift,,,,None,,None
351,595,182.6357,39.4057,0.003260305,43.83,BASS,7.12,0.3,0.3,TN12,-1.46,TN12
352,596,182.684,38.336,0.02323183,44.17,BASS,7.39,0.3,0.3,TN12,-1.4,TN12
353,597,182.8095,-39.5574,0.060862418,45.19,Swift,8.57,0.34,0.34,stellar,,None
354,601,183.2659,32.7936,2.504139185,48.51,Swift,,,,None,,None
355,600,183.2888,32.5964,0.024783046,44.12,Swift,7.75,0.3,0.3,stellar,,None
356,605,183.574167,29.528611,0.063193256,45.08,Swift,8.33,0.3,0.3,stellar,,None
357,606,184.238,-26.2093,0.039271186,44.6,Swift,,,,None,,None
358,607,184.2912,7.1916,0.007801918,43.19,BASS,7.68,0.3,0.3,TN12,-2.66,TN12
359,608,184.6105,29.8129,0.012754729,43.85,BASS,6.17,0.3,0.3,TN12,-0.49,TN12
360,609,184.7396,47.304,0.001680837,42.07,Swift,4.5,0.1,0.1,GH05,-0.54,Swift
361,610,185.3414,30.177,0.183648,45.78,Swift,,,,None,,None
362,611,185.4333,75.3107,0.070290848,45.7,BASS,8.61,0.3,0.3,TN12,-1.08,TN12
363,612,185.594,4.2211,0.966665625,46.53,BASS,8.31,0.3,0.3,TN12,0.04,TN12
364,613,185.8506,2.6791,0.024020204,44.03,BASS,7.57,0.3,0.3,TN12,-1.71,TN12
365,614,186.2269,21.3796,0.432540744,46.34,BASS,8.88,0.3,0.3,TN12,-0.71,TN12
366,615,186.4448,12.6621,0.008337563,44.07,Swift,6.99,0.36,0.36,stellar,,None
367,616,186.4538,33.5468,0.001104921,41.69,Swift,5.45,0.13,0.14,Table9,,None
368,619,187.2779,2.0524,0.157689005,46.74,BASS,9.13,0.3,0.3,TN12,-0.56,TN12
369,621,187.8423,57.9646,0.010603397,43.2,Swift,,,,None,,None
370,622,187.9042,-47.9672,0.027988531,44.35,Swift,,,,None,,None
371,623,188.015,20.1581,0.064150102,44.79,BASS,7.73,0.3,0.3,TN12,-1.12,TN12
372,624,188.0503,-42.298,0.099926859,45.1,BASS,8.43,0.3,0.3,TN12,-1.51,TN12
373,626,188.9026,-39.9093,0.011687273,44.66,Swift,7.9,0.36,0.36,stellar,,None
374,628,189.5933,9.5283,0.082876972,45.2,Swift,8.89,0.39,0.39,stellar,,None
375,629,189.7275,-27.3078,0.024216487,45.0,Swift,8.99,0.29,0.29,stellar,,None
376,630,189.7762,-16.1797,0.035846317,44.99,Swift,8.16,0.3,0.3,stellar,,None
377,631,189.9143,-5.3443,0.008360286,43.89,BASS,7.27,0.3,0.3,TN12,-1.55,TN12
378,632,189.9653,34.9749,0.042840408,44.49,Swift,8.05,0.29,0.29,stellar,,None
379,635,190.1934,27.565,0.056515703,44.64,Swift,6.42,0.1,0.1,GH05,0.11,Swift
380,634,190.1956,-33.57,0.054437709,44.95,Swift,7.71,0.1,0.1,GH05,-0.87,Swift
381,636,190.357,-57.834,0.024894634,44.35,BASS,8.25,0.3,0.3,TN12,-2.08,TN12
382,633,190.4356,35.0628,0.022967142,43.83,Swift,7.96,0.3,0.3,stellar,,None
383,638,191.6661,54.5342,0.016735,44.14,Swift,9.8,0.3,0.3,stellar,,None
384,639,191.991,-58.5001,0.027901763,44.14,Swift,,,,None,,None
385,641,193.0519,-13.4147,0.013826566,44.24,BASS,6.9,0.3,0.3,TN12,-0.84,TN12
386,643,193.334667,-41.635639,0.016328351,43.86,Swift,7.56,0.39,0.39,stellar,,None
387,644,193.7348,-26.9505,0.059063289,44.88,BASS,8.25,0.3,0.3,TN12,-1.55,TN12
388,645,194.0465,-5.7893,0.5362,47.49,Swift,,,,None,,None
389,648,195.0223,16.5374,0.079849223,45.26,Swift,9.19,0.3,0.3,stellar,,None
390,651,195.745,16.408,0.067276299,44.83,BASS,7.44,0.3,0.3,TN12,-0.79,TN12
391,652,195.9978,53.7917,0.030431749,43.92,BASS,7.73,0.3,0.3,TN12,-1.99,TN12
392,653,196.0547,-5.5516,0.003949895,42.84,Swift,7.03,0.53,0.53,stellar,,None
393,654,196.06,-10.3396,0.010543274,43.69,Swift,7.52,0.56,0.56,stellar,,None
394,656,196.3876,-10.5554,0.277804046,45.36,BASS,8.31,0.3,0.3,TN12,-1.13,TN12
395,657,196.6089,-40.4146,0.015619705,44.08,BASS,6.98,0.3,0.3,TN12,-1.07,TN12
396,659,197.2733,11.6341,0.025221241,44.79,Swift,8.54,0.29,0.29,stellar,,None
397,660,197.6795,-55.86991,0.104,45.86,Swift,,,,None,,None
398,662,197.7385,8.6273,0.052686313,44.74,Swift,9.02,0.29,0.29,stellar,,None
399,663,198.2741,-11.1284,0.030030144,44.35,BASS,7.37,0.3,0.3,TN12,-1.2,TN12
400,665,198.365,36.593,0.002651343,42.31,Swift,5.9,0.1,0.1,GH05,-1.71,Swift
401,664,198.454,36.8994,0.067204095,44.32,BASS,7.76,0.3,0.3,TN12,-1.61,TN12
402,666,198.822,44.4071,0.035466907,44.6,Swift,8.67,0.29,0.29,stellar,,None
403,667,199.2262,-71.9242,0.070301853,44.84,BASS,8.84,0.3,0.3,TN12,-2.18,TN12
404,669,200.2483,8.9783,0.031942,44.44,Swift,8.51,0.52,0.52,stellar,,None
405,670,200.6019,-16.7286,0.016819093,44.19,Swift,6.55,0.1,0.1,GH05,-0.47,Swift
406,671,201.3651,-43.0191,0.001357636,43.26,Swift,7.77,0.19,0.07,M13;C09,,None
407,674,202.8079,-25.4028,0.026050563,44.25,Swift,8.56,0.34,0.34,stellar,,None
408,677,203.35875,-34.014778,0.012801375,43.74,Swift,,,,None,,None
409,678,203.665167,-23.446528,0.034242999,44.6,Swift,8.17,0.4,0.4,stellar,,None
410,679,203.951,2.999,0.021569218,44.12,Swift,7.95,0.29,0.29,stellar,,None
411,680,203.9741,-34.2956,0.007827992,43.84,Swift,5.82,0.1,0.1,GH05,-0.1,Swift
412,682,204.5665,4.5426,0.022890213,45.04,Swift,8.87,0.29,0.29,stellar,,None
413,684,205.274,67.6723,0.010286956,43.23,Swift,8.87,0.3,0.3,stellar,,None
414,685,205.2964,30.3781,0.040694011,44.78,Swift,8.54,0.29,0.29,stellar,,None
415,683,205.3038,-14.6446,0.039949666,44.61,BASS,7.28,0.3,0.3,TN12,-0.85,TN12
416,686,205.5347,35.6542,0.003865469,42.82,BASS,6.71,0.3,0.3,TN12,-2.07,TN12
417,687,206.0653,19.5667,0.026972893,44.41,Swift,8.26,0.3,0.3,stellar,,None
418,688,206.3299,41.7126,0.008538649,43.35,Swift,7.76,0.31,0.31,stellar,,None
419,689,206.6184,19.3787,0.084613844,44.9,BASS,8.07,0.3,0.3,TN12,-1.35,TN12
420,693,206.828295,2.182644,0.1088,45.16,Swift,8.82,0.47,0.47,stellar,,None
421,692,206.9,-60.6178,0.012879,44.5,Swift,7.32,0.1,0.1,GH05,-0.94,Swift
422,694,207.3303,-30.3094,0.015796788,44.19,BASS,7.84,0.3,0.3,TN12,-1.83,TN12
423,695,207.4701,2.0791,0.033086475,44.16,BASS,7.09,0.3,0.3,TN12,-1.11,TN12
424,696,207.8729,-18.2297,0.012209735,43.68,Swift,,,,None,,None
425,697,208.2644,69.3082,0.02986323,44.37,BASS,8.0,0.3,0.3,TN12,-1.81,TN12
426,698,208.3675,-11.385,0.068847391,45.14,Swift,8.13,0.48,0.48,stellar,,None
427,699,208.564,-37.776,0.050893694,45.04,Swift,,,,None,,None
428,700,208.6210638,13.46591483,0.063317076,44.89,Swift,,,,None,,None
429,701,208.8909,35.3494,0.1016,45.19,Swift,,,,None,,None
430,702,208.973,38.5746,0.050657212,44.22,BASS,7.93,0.3,0.3,TN12,-1.89,TN12
431,703,209.012,18.3721,0.050149358,44.72,Swift,6.76,0.1,0.1,GH05,-0.15,Swift
432,704,209.1529,-19.5292,0.034963227,44.58,Swift,,,,None,,None
433,707,212.0282,-30.3983,0.023577516,44.24,Swift,,,,None,,None
434,710,212.6868,-42.4758,0.034033931,44.41,Swift,8.27,0.54,0.54,stellar,,None
435,712,213.3119,-3.2075,0.006092382,44.12,Swift,5.62,0.1,0.1,GH05,0.39,Swift
436,713,214.2084,-11.9829,0.099236667,45.02,BASS,8.87,0.3,0.3,TN12,-2.03,TN12
437,714,214.2652,-46.6948,0.07661,45.41,Swift,8.8,0.34,0.34,stellar,,None
438,715,214.4289,61.6979,0.118548199,45.32,Swift,9.31,0.31,0.31,stellar,,None
439,716,214.486,25.724,0.237,46.0,Swift,9.31,0.32,0.32,stellar,,None
440,717,214.4981,25.1368,0.017033292,44.07,BASS,8.03,0.3,0.3,TN12,-2.14,TN12
441,719,214.8434,-26.6447,0.02283949,44.01,BASS,7.13,0.3,0.3,TN12,-1.3,TN12
442,722,215.3742,47.7902,0.072673857,45.02,BASS,8.35,0.3,0.3,TN12,-1.51,TN12
443,723,216.0954,24.6144,0.016911342,44.0,Swift,7.81,0.31,0.31,stellar,,None
444,726,216.854,19.831,0.111044503,45.54,BASS,8.87,0.3,0.3,TN12,-1.51,TN12
445,727,217.1361,42.6724,0.129139,45.89,Swift,8.87,0.31,0.31,stellar,,None
446,728,217.2775,1.2851,0.086490482,45.49,BASS,8.67,0.3,0.3,TN12,-1.36,TN12
447,731,218.1699,-44.1746,0.00418308,42.69,Swift,,,,None,,None
448,733,218.4677,5.4582,0.024851579,44.26,Swift,7.65,0.36,0.36,stellar,,None
449,734,218.7185,48.6619,0.036781985,44.31,BASS,7.67,0.3,0.3,TN12,-1.53,TN12
450,735,219.092,58.7943,0.031112041,44.67,BASS,8.1,0.3,0.3,TN12,-1.6,TN12
451,736,219.2067,-16.2281,0.144649648,45.93,Swift,,,,None,,None
452,737,219.7995,14.2561,0.071490305,45.18,Swift,8.39,0.3,0.3,stellar,,None
453,738,220.1587,53.5044,0.037711443,44.58,Swift,6.7,0.1,0.1,GH05,-0.23,Swift
454,739,220.5997,-17.2532,0.009896624,43.9,Swift,5.21,0.1,0.1,GH05,0.58,Swift
455,740,221.4035,27.0348,0.029586977,44.34,Swift,6.87,0.1,0.1,GH05,-0.65,Swift
456,741,221.6175,-64.2733333,0.052976556,44.1,BASS,7.7,0.3,0.3,TN12,-1.77,TN12
457,744,222.212542,-40.146028,0.123238913,45.62,BASS,8.82,0.3,0.3,TN12,-1.38,TN12
458,746,222.8881,-55.6773,0.018,44.38,Swift,7.55,0.1,0.1,GH05,-1.28,Swift
459,748,223.2833,25.9091,0.048856847,44.47,BASS,8.38,0.3,0.3,TN12,-2.09,TN12
460,750,223.823,-51.571,0.016262952,44.43,BASS,6.86,0.3,0.3,TN12,-0.61,TN12
461,751,224.4216,-43.1321,0.015798207,44.1,Swift,,,,None,,None
462,752,224.7816,71.6722,0.905,47.49,Swift,,,,None,,None
463,753,226.005,10.4378,0.036665584,44.36,BASS,7.81,0.3,0.3,TN12,-1.62,TN12
464,754,226.486,3.707,0.036285426,44.52,BASS,7.59,0.3,0.3,TN12,-1.24,TN12
465,755,226.684,3.862,0.037248772,44.61,Swift,7.49,0.3,0.3,stellar,,None
466,757,227.2248,-0.197,0.054369707,45.04,Swift,7.87,0.1,0.1,GH05,-0.95,Swift
467,760,227.9992,-21.3171,0.044456936,44.9,BASS,7.24,0.3,0.3,TN12,-0.52,TN12
468,763,228.2106,-9.1,0.359609693,45.04,BASS,7.78,0.3,0.3,TN12,-0.91,TN12
469,765,228.6751,-81.3939,0.068715117,45.12,BASS,8.96,0.3,0.3,TN12,-2.01,TN12
470,766,228.7635,42.0499,0.0084435,43.45,Swift,8.66,0.31,0.31,stellar,,None
471,769,230.4153,3.6248,0.126629456,45.09,BASS,8.5,0.3,0.3,TN12,-1.59,TN12
472,771,232.493,-13.011,0.103914266,45.53,Swift,,,,None,,None
473,772,233.3363,-8.7005,0.022845107,44.49,Swift,7.2,0.1,0.1,GH05,-0.82,Swift
474,774,233.9682,57.9026,0.030746974,44.5,BASS,7.64,0.3,0.3,TN12,-1.31,TN12
475,776,235.5999,-14.1849,0.096655532,45.01,BASS,8.54,0.3,0.3,TN12,-1.71,TN12
476,778,236.6014,69.4861,0.037829068,44.57,Swift,9.18,0.3,0.3,stellar,,None
477,779,236.9314,20.8713,0.26470679,46.01,BASS,8.97,0.3,0.3,TN12,-1.14,TN12
478,783,237.104,-13.7578,0.024424761,44.68,Swift,6.39,0.1,0.1,GH05,0.17,Swift
479,786,238.3947,26.2448,0.166516316,45.79,Swift,8.57,0.34,0.34,stellar,,None
480,785,238.4316,23.8071,0.117552414,45.48,Swift,7.99,0.1,0.1,GH05,-0.62,Swift
481,792,241.347,-72.899,0.090014849,45.61,Swift,,,,None,,None
482,793,241.808,48.5573,0.125156492,44.76,BASS,8.52,0.3,0.3,TN12,-1.93,TN12
483,795,242.9642,-60.6319,0.015548013,43.99,BASS,7.26,0.3,0.3,TN12,-1.45,TN12
484,797,243.4883,65.7193,0.128794133,45.77,BASS,8.99,0.3,0.3,TN12,-1.4,TN12
485,800,244.4272,32.3763,0.150940069,46.06,Swift,,,,None,,None
486,801,244.6518,-59.4548,0.034688096,44.71,BASS,7.52,0.3,0.3,TN12,-0.99,TN12
487,804,244.8302,81.0465,0.02317721,44.35,Swift,9.82,0.32,0.32,stellar,,None
488,807,246.472125,43.7871667,1.04736,47.79,Swift,,,,None,,None
489,811,247.0169,51.7754,0.05622195,45.42,Swift,,,,None,,None
490,816,247.6361,39.3842,0.030406026,44.34,Swift,7.96,0.3,0.3,stellar,,None
491,817,247.8147,23.8826,0.059119252,44.8,Swift,8.74,0.32,0.32,stellar,,None
492,823,248.808792,-58.080028,0.008788439,43.51,Swift,,,,None,,None
493,829,250.745,39.8103,0.593240976,46.21,BASS,8.77,0.3,0.3,TN12,-0.74,TN12
494,828,250.8343,70.6325,0.014884417,43.67,Swift,7.43,0.52,0.52,stellar,,None
495,833,252.0635,-30.5845,0.031,44.91,Swift,,,,None,,None
496,836,252.6781,4.605,0.031851489,44.66,Swift,9.83,0.32,0.32,stellar,,None
497,841,253.2454,2.4009,0.02385526,44.87,Swift,6.28,0.1,0.1,GH05,0.47,Swift
498,842,253.3127,23.8286,0.103549938,45.39,Swift,8.23,0.32,0.32,stellar,,None
499,843,253.4676,39.7602,0.033663,44.97,Swift,,,,None,,None
500,846,254.0238,-52.0614,0.053902596,45.23,BASS,8.25,0.3,0.3,TN12,-1.2,TN12
501,847,254.0699,-33.0369,2.4,49.35,Swift,,,,None,,None
502,862,257.2464,21.8856,0.072792239,44.39,BASS,7.82,0.3,0.3,TN12,-1.6,TN12
503,875,259.2478,-62.8206,0.003131237,43.3,Swift,,,,None,,None
504,876,259.8104,48.9804,0.024467618,44.3,Swift,8.92,0.34,0.34,stellar,,None
505,882,260.8367,34.2994,0.210003301,45.78,BASS,8.27,0.3,0.3,TN12,-0.67,TN12
506,883,260.8467,36.5028,0.039988908,44.09,BASS,6.98,0.3,0.3,TN12,-1.07,TN12
507,888,262.8058,14.7155,0.08265,45.19,Swift,,,,None,,None
508,905,265.4802083,-12.1990833,0.036848109,44.19,BASS,7.79,0.3,0.3,TN12,-1.78,TN12
509,912,266.409,29.14,0.110797822,44.64,BASS,8.82,0.3,0.3,TN12,-2.35,TN12
510,925,266.7493,68.6102,0.062947697,44.63,BASS,7.08,0.3,0.3,TN12,-0.62,TN12
511,923,266.873917,-22.879056,0.04672487,44.42,BASS,8.53,0.3,0.3,TN12,-2.28,TN12
512,924,267.1599,68.7044,0.055133108,44.7,BASS,7.4,0.3,0.3,TN12,-0.88,TN12
513,929,267.2297,-32.9145,0.02,44.42,Swift,7.13,0.1,0.1,GH05,-0.82,Swift
514,935,267.9825,-60.3286,0.112440993,45.59,Swift,,,,None,,None
515,948,270.697,-14.915,0.035515632,44.5,BASS,7.76,0.3,0.3,TN12,-1.43,TN12
516,950,271.958,11.347,0.078681916,44.77,BASS,8.7,0.3,0.3,TN12,-2.1,TN12
517,960,274.0487,42.6608,0.040918834,44.78,Swift,8.11,0.35,0.35,stellar,,None
518,968,275.3619,59.9225,0.099247572,45.46,Swift,,,,None,,None
519,967,275.4888,64.3434,0.29682827,46.78,BASS,9.59,0.3,0.3,TN12,-0.98,TN12
520,971,276.0451,18.7691,0.066084001,45.19,Swift,7.31,0.1,0.1,GH05,-0.23,Swift
521,970,276.0808,-56.3692,0.016700258,44.33,Swift,,,,None,,None
522,978,276.635,32.8583,0.022101702,44.2,Swift,7.72,0.44,0.44,stellar,,None
523,980,277.382,48.746,0.690014302,46.43,BASS,8.73,0.3,0.3,TN12,-0.48,TN12
524,981,277.711,9.4783,0.019048018,43.31,Swift,8.39,0.34,0.34,stellar,,None
525,983,278.4162,-21.0611,2.507,49.53,Swift,,,,None,,None
526,984,278.7641,32.6963,0.057890381,44.93,BASS,8.19,0.3,0.3,TN12,-1.43,TN12
527,986,279.2429,-59.4024,0.019733502,44.0,Swift,6.7,0.1,0.1,GH05,-0.82,Swift
528,988,279.5848,-65.4276,0.01321136,44.54,Swift,5.72,0.1,0.1,GH05,0.71,Swift
529,994,280.5375,79.7714,0.056054458,43.93,BASS,8.11,0.3,0.3,TN12,-2.36,TN12
530,995,281.2249,-62.3648,0.013951939,44.19,BASS,7.1,0.3,0.3,TN12,-1.08,TN12
531,1002,281.7618,-78.5304,0.074262396,45.25,Swift,,,,None,,None
532,1009,283.6679,-78.8984,0.02896863,44.23,Swift,8.15,0.35,0.35,stellar,,None
533,1013,284.00233,15.63289,0.083603553,44.9,BASS,8.29,0.3,0.3,TN12,-1.57,TN12
534,1015,284.2058,-54.7083,0.056240835,44.98,Swift,,,,None,,None
535,1020,285.9548,33.8447,0.015167084,43.91,Swift,,,,None,,None
536,1027,288.3115,-50.1829,0.062277087,45.16,Swift,8.81,0.43,0.43,stellar,,None
537,1031,289.8667,-29.9694,0.166845375,45.98,Swift,,,,None,,None
538,1032,290.309,-58.6703,0.037103533,44.87,BASS,8.07,0.3,0.3,TN12,-1.37,TN12
539,1036,291.2591,50.7204,0.067606374,45.0,BASS,8.91,0.3,0.3,TN12,-2.09,TN12
540,1037,291.6258,41.5514,0.028544185,44.29,Swift,,,,None,,None
541,1038,291.952,73.967,0.301749914,45.47,BASS,8.25,0.3,0.3,TN12,-0.95,TN12
542,1040,292.5575,34.1805,0.063806675,44.73,BASS,8.15,0.3,0.3,TN12,-1.6,TN12
543,1041,293.4465,32.9072222,0.05805685,45.03,BASS,7.88,0.3,0.3,TN12,-1.03,TN12
544,1042,294.388,-6.218,0.01035066,44.29,BASS,6.56,0.3,0.3,TN12,-0.44,TN12
545,1043,294.5183,-51.1638,0.039959009,44.13,BASS,7.23,0.3,0.3,TN12,-1.27,TN12
546,1045,295.0629,-30.2644,0.05246213,44.58,BASS,8.1,0.3,0.3,TN12,-1.7,TN12
547,1046,295.6694,-10.3235,0.005752487,43.49,BASS,6.87,0.3,0.3,TN12,-1.55,TN12
548,1049,296.8307,44.8284,0.052834916,45.1,Swift,9.01,0.43,0.43,stellar,,None
549,1051,298.066,2.507,0.058399917,45.35,Swift,9.15,0.3,0.3,stellar,,None
550,1057,299.8682,40.7339,0.055811385,45.91,Swift,9.43,0.15,0.1,V15;T03,,None
551,1060,300.2321,-18.1743,0.037191026,44.73,Swift,8.07,0.36,0.36,stellar,,None
552,1062,301.6389,56.3435,0.042284166,44.53,Swift,,,,None,,None
553,1063,301.741417,-34.548528,0.025146527,43.71,BASS,6.48,0.3,0.3,TN12,-0.94,TN12
554,1064,302.1954,-61.1002,0.014684865,44.31,Swift,6.78,0.1,0.1,GH05,-0.58,Swift
555,1067,302.5725,48.0059,0.025396878,44.19,Swift,9.48,0.35,0.35,stellar,,None
556,1068,302.8155,-15.7778,1.18,48.08,Swift,,,,None,,None
557,1070,303.747,25.3836,0.045215754,44.78,Swift,,,,None,,None
558,1072,304.505,-55.659,0.060697537,45.36,Swift,,,,None,,None
559,1074,305.4544,44.011,0.017475441,43.88,Swift,,,,None,,None
560,1077,307.1461,25.7333,0.013932822,44.43,Swift,,,,None,,None
561,1079,307.6736,-75.5452,0.113935604,45.51,Swift,,,,None,,None
562,1084,308.7735,26.0583,0.047771386,44.37,BASS,7.08,0.3,0.3,TN12,-0.89,TN12
563,1085,308.9912,-50.1923,0.008842703,43.2,Swift,,,,None,,None
564,1087,310.0656,-51.4297,0.054118813,44.79,Swift,8.11,0.46,0.46,stellar,,None
565,1088,310.6554,75.134,0.104631006,46.26,BASS,9.6,0.3,0.3,TN12,-1.51,TN12
566,1089,311.0188,28.5534,0.048862442,46.25,BASS,8.39,0.3,0.3,TN12,-0.32,TN12
567,1090,311.0406,-10.7235,0.034370068,45.12,BASS,8.07,0.3,0.3,TN12,-1.12,TN12
568,1092,313.0098,-57.0688,0.011492275,44.23,Swift,,,,None,,None
569,1099,317.2915,-9.6707,0.026747435,44.79,BASS,7.5,0.3,0.3,TN12,-0.88,TN12
570,1102,318.5049,82.0801,0.083252273,45.94,BASS,8.9,0.3,0.3,TN12,-1.13,TN12
571,1104,319.0428,25.2836,0.15341486,44.98,BASS,8.92,0.3,0.3,TN12,-2.12,TN12
572,1106,319.8714,33.5491,0.050886794,44.67,BASS,8.37,0.3,0.3,TN12,-1.87,TN12
573,1108,320.9357583,25.0742306,0.101798535,45.52,Swift,6.09,0.1,0.1,GH05,1.31,Swift
574,1110,321.1643,50.9735,0.015067053,45.68,BASS,7.63,0.3,0.3,TN12,-0.12,TN12
575,1112,322.3007,-15.6447,3.268,49.32,Swift,,,,None,,None
576,1114,323.0092,-33.715,0.030013016,44.85,Swift,,,,None,,None
577,1116,323.688,-27.4321,0.066692099,45.17,Swift,6.99,0.1,0.1,GH05,0.07,Swift
578,1117,323.975,47.4727,0.025292638,43.92,BASS,7.11,0.3,0.3,TN12,-1.36,TN12
579,1118,324.0963,-62.4002,0.05901068,44.85,BASS,8.01,0.3,0.3,TN12,-1.34,TN12
580,1120,324.4383,-14.5488,0.199903339,46.1,BASS,9.4,0.3,0.3,TN12,-1.48,TN12
581,1122,324.9373958,59.8375139,0.114193238,45.21,BASS,7.8,0.3,0.3,TN12,-0.77,TN12
582,1126,327.0227,6.9607,0.99,47.97,Swift,,,,None,,None
583,1127,327.0813,-34.9512,0.01588487,43.87,Swift,7.61,0.49,0.49,stellar,,None
584,1128,327.4919,-18.9899,0.157653817,45.73,Swift,,,,None,,None
585,1129,327.9814,-30.4649,2.345,49.45,Swift,,,,None,,None
586,1132,329.361833,-6.171222,0.176262855,46.35,BASS,8.96,0.3,0.3,TN12,-0.79,TN12
587,1133,330.172425,10.5522056,0.027531636,44.63,Swift,,,,None,,None
588,1135,330.508,-31.8698,0.008336412,44.27,Swift,8.45,0.33,0.33,stellar,,None
589,1136,330.6804,42.2778,0.0686,45.4,Swift,,,,None,,None
590,1137,330.812,31.761,0.294563919,45.32,BASS,8.26,0.3,0.3,TN12,-1.12,TN12
591,1141,332.282,-27.8095,0.02272397,44.21,Swift,,,,None,,None
592,1142,332.3177,-47.1667,0.005839,43.29,Swift,,,,None,,None
593,1143,332.9745,18.6972,0.069566987,44.63,BASS,7.9,0.3,0.3,TN12,-1.45,TN12
594,1145,333.5382,-25.9636,0.051858332,44.82,Swift,8.17,0.38,0.38,stellar,,None
595,1146,334.3011,14.2391,0.070382572,45.25,BASS,8.5,0.3,0.3,TN12,-1.42,TN12
596,1149,334.9573,26.2244,0.087723784,44.83,BASS,8.87,0.3,0.3,TN12,-2.22,TN12
597,1150,335.938,11.836,0.029550795,44.36,Swift,7.38,0.1,0.1,GH05,-1.13,Swift
598,1151,335.9566,-2.1034,0.060060747,44.68,BASS,7.99,0.3,0.3,TN12,-1.49,TN12
599,1153,337.3079167,66.7811111,0.111792601,44.78,BASS,8.08,0.3,0.3,TN12,-1.48,TN12
600,1154,337.417,-8.5485,1.55999,48.4,Swift,,,,None,,None
601,1155,338.1517,11.7308,1.037,48.05,Swift,,,,None,,None
602,1156,338.7076,-25.6769,0.026482655,44.24,Swift,7.84,0.34,0.34,stellar,,None
603,1157,338.9426,-26.0503,0.004602467,43.24,Swift,4.99,0.1,0.1,GH05,0.14,Swift
604,1158,339.0148,33.9757,0.022699031,44.54,Swift,,,,None,,None
605,1161,339.1938,-12.5452,0.023955559,44.51,Swift,7.71,0.1,0.1,GH05,-1.31,Swift
606,1162,340.071,8.0539,0.024941874,44.75,BASS,7.61,0.3,0.3,TN12,-1.04,TN12
607,1165,341.4532,39.6877,0.081110009,45.63,Swift,5.94,0.1,0.1,GH05,1.57,Swift
608,1166,342.1716,-51.165,0.1,45.27,Swift,,,,None,,None
609,1167,342.1847,17.4509,0.085729742,45.23,Swift,,,,None,,None
610,1168,342.7155,-8.9158,0.065286971,43.9,BASS,7.49,0.3,0.3,TN12,-1.77,TN12
611,1170,342.9471,-32.104,0.246,46.23,Swift,,,,None,,None
612,1171,343.4906,16.1482,0.859,48.58,Swift,,,,None,,None
613,1172,343.5242,-17.5819,0.064339861,45.44,BASS,8.44,0.3,0.3,TN12,-1.17,TN12
614,1176,344.1521,5.4214,0.069935157,44.75,BASS,7.05,0.3,0.3,TN12,-0.47,TN12
615,1177,344.7303458,40.9322139,0.017247511,44.01,Swift,9.8,0.35,0.35,stellar,,None
616,1178,344.8871,24.9182,0.033339005,44.25,BASS,6.92,0.3,0.3,TN12,-0.85,TN12
617,1179,345.401,-59.2225,0.150079922,45.56,Swift,,,,None,,None
618,1181,345.762,-18.69,0.128917766,45.53,Swift,,,,None,,None
619,1182,345.8151,8.874,0.015984974,44.69,BASS,7.32,0.3,0.3,TN12,-0.81,TN12
620,1183,346.1811,-8.6857,0.046839565,44.81,BASS,8.55,0.3,0.3,TN12,-1.91,TN12
621,1184,346.2361,12.3229,0.007052014,43.35,Swift,5.1,0.1,0.1,GH05,0.13,Swift
622,1185,346.7621,4.5492,0.040559057,44.52,BASS,8.07,0.3,0.3,TN12,-1.73,TN12
623,1186,346.9536,22.7103,0.034658591,44.49,Swift,,,,None,,None
624,1187,346.9886,40.2775,0.072753317,44.72,BASS,8.52,0.3,0.3,TN12,-1.98,TN12
625,1188,349.5979,-42.3706,0.004877619,43.53,Swift,7.74,0.29,0.08,G05;W06,,None
626,1189,349.7359,0.244,0.029274314,45.29,BASS,8.61,0.3,0.3,TN12,-1.5,TN12
627,1192,350.6019,-6.7605,0.032986494,44.38,Swift,8.27,0.42,0.42,stellar,,None
628,1194,351.3508,-38.447,0.035535574,44.54,Swift,,,,None,,None
629,1195,351.476,21.887,0.120189964,45.35,BASS,8.43,0.3,0.3,TN12,-1.26,TN12
630,1196,351.8415,15.4104,0.045821501,44.62,Swift,7.92,0.1,0.1,GH05,-1.41,Swift
631,1198,352.2663678,3.5333331,0.016719377,43.88,Swift,,,,None,,None
632,1199,352.6571333,71.3795611,0.036934986,44.45,Swift,,,,None,,None
633,1200,353.4802,-23.728,0.047692952,44.82,Swift,6.88,0.1,0.1,GH05,-0.17,Swift
634,1202,355.4811,30.5818,0.017417438,44.03,Swift,8.69,0.31,0.31,stellar,,None
635,1203,355.9982,5.64,0.05563478,44.84,Swift,,,,None,,None
636,1204,356.1829,-42.7201,0.59732,47.17,Swift,,,,None,,None
637,1205,356.7701,51.705,0.044,44.52,Swift,,,,None,,None
638,1206,357.9839,-1.1537,0.174313381,45.64,BASS,8.71,0.3,0.3,TN12,-1.24,TN12
639,1207,358.0921667,58.7585556,0.163616285,45.85,Swift,,,,None,,None
640,1209,359.783,-30.628,0.165388,46.06,Swift,,,,None,,None
