,RA,DEC,CL2,TYPE
0,0.2,-7.2,2,Galaxy
1,0.4,-77.0,4,Sy1
2,0.6,3.4,4,Sy1.5
3,0.9,27.7,2,Galaxy
4,1.0,70.3,5,Sy2
5,1.6,20.2,4,Sy1.2
6,2.3,-0.6,5,Sy2
7,2.6,11.0,4,Sy1.2
8,4.3,81.6,8,QSO/FSRQ
9,5.3,-19.2,5,Sy2
10,5.7,61.7,9,CV
11,6.3,64.2,11,SNR
12,6.4,68.4,5,Sy2
13,6.7,-53.2,4,Sy1.2
14,7.2,59.3,9,CV/DQHer
15,7.3,13.3,8,Sy1/RQQ
16,7.7,-59.1,0,transient
17,8.3,61.5,4,Sy1.5
18,8.6,-79.1,4,Sy1
19,8.6,-4.4,6,Galaxy
20,9.0,59.8,7,BLLac
21,9.1,45.7,4,Sy1.2
22,9.3,61.4,13,HMXB
23,9.6,23.6,2,Galaxy
24,10.2,24.8,0,SRC/Radio
25,10.4,-9.3,3,GalaxyCluster
26,10.7,41.2,0,inM31
27,10.7,-23.5,4,Sy1
28,10.8,30.3,2,Galaxy
29,10.7,30.3,8,Sy1
30,10.8,-11.6,5,Sy2
31,11.6,-40.1,2,Galaxy
32,12.2,32.0,5,Sy2/FSRQ
33,12.9,29.4,4,Sy1.0
34,13.1,-73.3,13,HMXB
35,13.0,17.4,4,Sy1
36,13.0,-27.4,2,Galaxy
37,13.5,-72.4,13,HMXB
38,13.7,25.4,4,Sy1.2
39,13.8,46.2,9,CV/DQHer
40,14.2,60.7,12,Star/Be
41,14.3,64.0,0,SRC/RADIO
42,15.0,31.8,4,Sy1
43,15.1,-47.9,5,Sy1.8
44,15.4,-3.1,5,Sy1.8
45,16.2,-72.9,13,HMXBinSMC
46,15.7,-72.7,13,HMXB
47,15.9,-64.7,8,FSRQ
48,16.4,-42.2,5,Sy2
49,16.4,-47.1,2,Galaxy
50,16.4,-14.3,4,Sy1
51,16.4,-34.5,4,Sy1
52,16.7,6.6,5,Sy2
53,16.9,-11.7,2,
54,16.9,-11.7,5,Sy2doublesource
55,16.8,-11.6,2,
56,17.2,13.3,5,Sy2
57,17.9,-38.1,4,Sy1Sy2
58,18.3,25.3,6,AGN/FSRS
59,18.5,13.3,4,Sy1
60,18.5,-14.8,4,Sy1.5
61,18.5,-32.7,5,Sy2
62,18.6,-55.4,5,Sy2
63,19.1,31.0,2,GalaxyPair
64,19.1,-12.6,2,Galaxy
65,19.3,-73.4,13,HMXB/NS
66,19.5,65.3,13,HMXB/NS
67,19.6,63.7,13,HMXB
68,20.5,-28.3,8,"Sy1,QSO"
69,20.6,50.1,5,Sy2
70,20.8,34.3,7,BLLac
71,21.0,-35.1,4,Sy1.5
72,20.9,-58.8,4,Sy1
73,21.1,33.8,5,Sy2
74,21.5,35.2,8,QSO
75,21.5,15.3,4,Sy1
76,21.9,19.2,4,Sy1.5
77,22.0,-18.8,4,Sy1/NLSy1
78,22.1,16.5,2,Galaxy
79,22.3,-60.6,2,Galaxy
80,22.5,-42.3,5,Sy2
81,22.6,-46.0,2,Galaxy
82,23.0,-33.1,5,Sy2
83,23.5,-36.5,5,Sy2
84,23.7,-4.5,6,AGN
85,24.1,39.1,7,BLLac
86,24.7,-40.0,5,Sy2
87,24.8,29.4,2,Galaxy
88,25.1,-53.3,5,Sy2
89,25.5,39.4,4,Sy1
90,26.6,61.8,10,AXP
91,27.2,21.8,2,Galaxy
92,27.4,22.0,2,Galaxy
93,27.3,-50.3,2,Galaxy
94,27.9,-36.2,5,Sy1
95,28.2,-3.4,5,Sy2
96,28.7,-27.1,8,QSO
97,28.9,2.5,4,Sy1
98,29.3,47.3,2,Galaxy
99,29.3,-73.0,13,HMXB
100,30.1,24.5,5,Sy2
101,30.3,-6.8,5,Sy2
102,30.6,68.4,2,Galaxy
103,30.4,68.4,2,Galaxy
104,30.8,-24.0,4,Sy1.5
105,31.6,-0.3,4,Sy1.5
106,31.8,29.5,4,Sy1
107,31.7,-74.5,13,HMXB
108,32.4,-74.5,15,XRBinSMC
109,32.0,44.8,2,Galaxy
110,32.1,-17.7,4,Sy1.2
111,32.4,-10.2,5,GGROUP/LINER/Sy2
112,32.4,52.4,4,Sy1
113,32.7,-49.7,5,Sy2
114,33.6,51.7,7,BLLac
115,33.6,-0.8,4,Sy1.2
116,33.7,-64.5,4,Sy1
117,33.9,-13.0,5,Sy2
118,34.1,51.4,2,likelySy2
119,34.4,73.8,7,BLLac
120,35.5,52.4,8,Quasar
121,35.6,25.1,2,Galaxy
122,35.9,45.8,2,Galaxytriple
123,36.3,-23.2,8,QSOSy1
124,36.3,18.8,7,BLLac
125,36.3,-63.2,4,Sy1inGalaxyCluster
126,36.6,-28.4,4,Sy1GPAIR
127,36.7,23.8,2,Galaxy
128,37.1,31.3,4,Sy1.5
129,37.5,-9.0,4,Sy1
130,38.0,-36.7,5,Sy1.8
131,38.2,20.3,7,BLLac
132,38.6,32.5,5,Sy2
133,38.7,-8.8,4,Sy1
134,38.8,-29.6,5,Sy1.9
135,39.6,-52.2,4,Sy1
136,39.7,-61.3,2,Galaxy
137,39.7,-40.6,4,Sy1
138,40.1,61.2,13,HMXB
139,40.3,-8.3,5,Sy2
140,40.4,7.2,4,Sy1.5
141,40.5,5.2,5,Sy2
142,40.6,5.5,4,Sy1
143,40.7,-0.0,5,Sy2
144,41.0,53.5,2,Galaxy
145,41.2,-24.5,6,LINER
146,41.2,62.5,4,Sy1
147,41.3,10.8,7,BLLac
148,42.2,26.5,5,Sy2
149,42.6,46.8,2,Galaxy
150,42.7,54.7,5,Sy2
151,42.7,41.7,5,Sy2
152,42.9,-16.7,5,Sy2
153,42.9,-68.1,2,Galaxy
154,43.1,43.2,2,QSO/LPQ
155,43.1,-8.5,5,"Sy2,hidden"
156,43.8,-0.2,5,Sy2
157,44.0,19.4,9,CV/DQHer
158,44.1,-32.2,5,Sy2
159,44.7,13.6,3,GalaxyCluster
160,44.9,44.3,2,Galaxy
161,45.0,-10.8,4,Sy1
162,46.0,-1.1,4,Sy1
163,46.9,-72.8,4,Sy1.2
164,47.0,-23.0,5,Sy2
165,47.7,32.7,6,Sy
166,47.8,-20.8,4,Sy1.5
167,48.0,-76.9,8,Sy1.2/FSRQ
168,48.0,50.5,2,Galaxy
169,48.3,41.3,4,Sy1
170,49.3,1.3,5,Sy2LINER
171,49.6,68.5,5,Sy1.9
172,50.0,41.5,5,Sy2/PerseusCluster
173,51.2,34.2,4,Sy1
174,51.3,-41.9,4,Sy1
175,51.3,40.7,6,doubleAGN
176,51.4,-9.1,0,transient?
177,51.3,-56.6,2,XBONG
178,52.2,-28.7,5,Sy1.9
179,52.7,5.6,4,Sy1
180,52.8,43.9,9,CV/DQHer
181,52.8,-5.1,5,Sy2
182,53.3,37.3,4,Sy1.5
183,53.4,-36.1,5,Sy1.8
184,53.6,-15.2,4,Sy1.5
185,53.7,53.2,13,HMXB/NS
186,53.8,19.1,8,Sy1
187,54.1,32.3,8,QSO
188,55.5,-21.2,4,Sy1
189,56.3,-39.6,4,Sy1
190,56.8,-30.4,4,Sy1
191,57.3,-12.0,7,BLLac
192,57.6,-50.3,5,Sy2
193,57.9,-40.5,4,Sy1
194,58.2,-68.5,7,BLLac
195,58.4,37.2,5,Sy2
196,58.5,2.8,4,Sy1
197,58.8,31.0,13,HMXB/NS
198,59.1,-62.9,5,Sy1.9
199,59.2,-40.7,5,Sy1.9
200,59.4,41.9,2,Galaxy
201,59.8,-30.2,4,Sy1LINER
202,59.8,-30.3,5,Sy1.9
203,59.9,51.0,8,QSO/LP
204,60.6,-18.0,5,Sy2Liner
205,61.0,-36.1,8,LPQ/FSRQ
206,61.3,-37.2,4,Sy1
207,61.4,-13.1,8,QSO/HP
208,61.8,3.7,5,Sy2
209,63.3,17.0,0,SRC/RADIO
210,63.3,10.5,3,GalaxyCluster
211,63.4,11.2,8,Sy1.8/NGALAXY
212,63.7,-7.9,4,Sy1
213,64.6,38.0,4,Sy1
214,64.9,56.0,13,HMXB
215,65.0,-54.9,4,Sy1
216,65.6,-56.2,5,Sy2
217,65.9,4.1,5,Sy2
218,66.5,-19.8,9,CV/AMHER
219,66.5,-57.2,5,Sy1.5
220,66.9,-12.0,0,transient?
221,67.0,-67.1,0,doublesource
222,67.5,-67.1,2,Galaxy
223,67.4,-21.2,6,AGN
224,67.8,-61.4,3,GalaxyCluster
225,68.3,5.4,4,Sy1
226,68.4,-58.7,2,XBONG
227,69.1,-10.4,4,Sy1
228,69.4,-47.2,4,Sy1
229,69.6,-10.8,4,Sy1.2
230,70.0,-59.7,5,Sy2/GalaxyPair
231,70.2,27.7,2,Galaxy
232,70.2,44.5,13,XRB/Be
233,70.3,-27.1,4,Sy1.5
234,70.5,-8.4,4,Sy1
235,70.9,29.0,4,Sy1
236,71.0,28.2,5,Sy2
237,71.2,-28.2,8,Sy2NLRG
238,71.6,18.5,5,Sy2
239,72.5,-55.2,2,Galaxy
240,72.8,-69.8,0,NewLMCsource
241,72.9,-3.8,4,Sy1.2
242,72.9,-58.2,4,Sy1.5
243,73.0,49.5,4,Sy1
244,73.4,4.1,5,Sy2
245,73.7,-43.2,2,XBONG
246,74.0,-75.5,5,Sy2
247,74.3,45.5,0,SRC/X-RAY
248,75.0,27.1,0,Galaxy?/radiosrc
249,75.0,35.0,2,Galaxy
250,75.2,-70.7,13,HMXB
251,75.5,3.5,4,Sy1
252,75.6,24.8,12,Nova
253,75.7,23.0,4,Sy1
254,75.9,-28.3,0,SRC/X-RAY
255,76.1,-73.8,5,Sy1.9
256,76.4,-67.6,2,Galaxy
257,76.4,-23.9,5,Sy2HII
258,77.0,67.6,8,QSO
259,77.1,17.4,5,Sy2
260,77.7,16.5,4,Sy1.5
261,78.0,-18.5,5,Sy2
262,78.3,66.5,2,Galaxy
263,78.5,-40.0,14,LMXB/NSinglobularc
264,78.8,18.9,2,Galaxy
265,79.0,-0.1,4,Sy1
266,79.1,19.5,2,Galaxy
267,79.1,-10.6,4,Sy1
268,79.9,-32.7,4,Sy1.5
269,80.0,-45.8,4,Sy1/LINER
270,80.1,-72.0,14,LMXB
271,80.3,-25.4,5,Sy2
272,80.7,-36.5,7,BLLac
273,81.0,-12.2,4,Sy1
274,81.1,42.7,9,CV
275,81.3,-23.6,8,QSO/FSRQ
276,81.4,-46.0,8,QSO
277,81.3,24.2,9,CV
278,81.6,-21.3,5,Sy2
279,82.0,-39.6,2,GPAIR/INTERACTING
280,82.4,-32.8,9,CV/DQHer
281,82.7,13.5,8,BLAZAR/FSRQ
282,83.2,-66.4,13,HMXB/NS
283,82.8,-66.1,13,HMXB/NS
284,83.2,13.8,2,GALAXY
285,83.5,-13.4,2,Galaxy
286,83.6,22.0,10,PSR/PWN
287,83.7,-58.0,9,CVDQHer
288,83.7,28.5,1,onplane
289,83.8,-5.4,0,StarCluster
290,83.9,40.2,2,Galaxy
291,84.4,21.1,0,brighttransient
292,84.7,-64.1,13,HMXB/NS
293,84.7,26.3,13,HMXB/NS
294,84.9,-69.7,13,HMXB/NS
295,85.0,-28.7,7,Blazar
296,85.0,-69.3,10,Pulsar
297,85.4,-68.4,13,HMXB
298,85.7,60.9,9,CV/AMHer
299,85.8,-41.0,9,CV/DQHer
300,85.9,-27.7,4,Sy1.2
301,86.0,-43.4,2,galaxy
302,86.1,59.1,5,Sy1.9
303,86.8,50.6,2,Galaxy
304,87.1,-47.8,2,Galaxytriple
305,87.7,-32.3,7,BLLac
306,87.7,-32.3,0,
307,88.0,-7.5,5,Sy2
308,88.1,59.5,4,Sy1
309,88.7,46.4,4,Sy1.5
310,88.9,39.8,8,QSO/LPQ
311,89.5,53.9,9,CV/DQHer
312,89.5,-38.3,4,Sy1
313,89.9,-50.4,8,Sy1NL
314,90.2,0.1,8,QSO
315,90.5,28.5,4,Sy1
316,90.7,65.4,2,Galaxy
317,91.5,-27.9,4,Sy1.5
318,91.4,-86.6,5,Sy2
319,92.5,-62.7,2,Galaxy/XMMSL
320,92.2,-62.8,2,Galaxy
321,92.9,-81.8,12,Nova-like
322,93.1,-46.8,0,SRC/RADIO
323,93.6,17.1,0,SRC/X-RAY
324,93.9,71.0,5,Sy2
325,94.3,9.1,14,LMXB/NS
326,95.8,-64.6,4,Sy1
327,95.9,64.8,4,Sy1
328,95.9,-61.0,5,Sy2
329,95.9,-32.2,5,Sy2
330,96.0,-9.6,0,SRC/X-RAY
331,96.3,73.6,9,CV/DQHer
332,96.6,7.5,2,Galaxy
333,96.7,-37.1,4,Sy1.5
334,98.2,63.7,4,Sy1.2
335,97.8,11.5,1,onplane
336,97.6,63.7,5,Sy2
337,98.5,-74.8,0,SRC/X-RAY
338,98.8,22.5,3,Galaxycluster
339,98.9,-75.3,8,Sy1
340,99.1,35.6,9,CV
341,100.0,-25.9,4,Sy1.2
342,100.1,-47.7,0,
343,100.2,-43.4,5,Sy2
344,100.3,32.8,5,Sy2
345,101.6,53.1,5,Sy2
346,103.1,74.4,4,Sy1.5
347,103.6,7.1,0,
348,104.0,40.0,4,Sy1.5
349,104.0,-49.3,5,Sy2
350,104.6,-7.2,13,HMXB/pulsar
351,104.6,-56.0,3,GalaxyCluster
352,104.8,24.0,2,Galaxy
353,105.3,-32.6,2,Galaxy
354,106.0,26.4,9,CV/DQHer
355,106.7,3.4,0,SRC/X-ray
356,106.8,64.6,4,Sy1.0
357,107.2,-46.7,5,Sy2
358,107.3,-15.5,0,SRC/RADIO
359,107.3,-36.0,2,RadioGalaxy
360,107.6,59.1,7,BLLac
361,108.5,35.3,5,Sy2
362,108.6,45.7,4,Sy1.5
363,108.7,-25.3,0,
364,109.5,-21.9,1,inplane
365,109.5,44.1,4,Sy1.5
366,111.0,-8.1,1,SRC/X-RAY
367,111.5,-0.9,7,BlLac
368,111.4,30.0,8,Radiogalaxy
369,111.6,-35.9,5,Sy2
370,111.6,37.0,8,"QSO,Sy1"
371,111.9,-24.1,5,Sy1.9
372,112.2,-26.1,13,HMXB/NS
373,112.9,9.9,9,CV/DQHer
374,113.2,-13.5,9,CV/DQHer
375,113.3,45.9,8,Sy1QSO
376,113.4,51.9,2,Galaxy
377,114.2,58.8,4,Sy1.5
378,114.9,-31.7,5,Sy2
379,115.3,-54.8,2,Galaxy
380,115.8,80.4,4,Sy1i/RADIOGALAXY
381,115.6,49.8,4,Sy1.2
382,115.7,65.2,5,Sy2
383,115.8,-25.8,4,Sy1.2
384,116.0,29.2,5,"Sy2,noX-rayobs"
385,116.6,-16.2,0,SRC/X-RAY
386,116.6,25.8,7,Blazar
387,116.9,-19.3,3,GalaxyCluster
388,116.9,60.9,4,Sy1.2
389,116.9,-73.4,2,Galaxy
390,117.1,-67.8,14,LMXB/NS
391,117.4,-32.3,0,SRC/X-RAY
392,117.8,14.7,9,CV/DQHer
393,118.1,19.6,8,"QSO,Sy1"
394,118.2,45.9,4,Sy1
395,119.6,83.9,0,SRC/X-RAY
396,119.1,-41.6,5,Sy2
397,119.9,-38.7,4,Sy1.2
398,120.0,23.4,5,Sy2
399,120.1,26.6,4,Sy1
400,120.2,-43.2,0,
401,120.5,-49.8,4,Sy1.5
402,120.9,8.7,6,Sy1
403,121.0,5.1,5,Sy2
404,121.2,10.8,4,Sy2Sy1Galaxypair
405,121.2,-1.1,2,XBONG
406,121.3,61.7,8,QSO
407,121.9,39.0,5,Sy2
408,122.7,76.0,4,Sy1
409,123.1,-40.1,0,SRC/X-RAY
410,123.6,4.3,4,Sy1
411,124.5,2.8,4,Sy1
412,124.6,1.4,5,Sy1.8
413,124.7,-22.9,4,Sy1
414,125.1,-28.1,0,SRC/X-RAY
415,125.8,-4.9,5,Sy2
416,126.6,-70.5,9,CV
417,127.4,41.9,4,Sy1
418,127.6,-67.4,5,Sy1.8
419,128.1,37.1,4,Sy1.2
420,128.8,-45.2,10,Pulsar
421,129.6,48.6,9,CV/DQHer
422,129.6,-36.0,4,Sy1.5
423,129.7,-48.5,9,CVdwarfnova
424,130.0,-12.2,8,QSO
425,130.0,29.8,5,Sy2
426,130.2,-45.1,13,HMXB/SFXT
427,130.4,70.9,7,Blazar
428,130.5,8.0,8,QSO
429,130.9,35.8,5,Sy2
430,131.3,-35.5,8,QSOSy1.2
431,131.3,14.3,5,Sy1.9
432,133.6,-8.4,0,SRC/X-RAY
433,133.8,64.4,5,Sy2
434,133.8,-28.9,2,Galaxy
435,133.9,78.2,5,Sy2
436,134.9,44.9,2,Galaxy
437,135.5,-40.6,13,HMXB/NS
438,135.5,60.2,5,Sy2
439,135.7,-68.2,2,XBONG
440,135.7,-48.2,4,Sy1
441,135.9,-74.2,5,Sy2
442,136.2,55.6,4,Sy1
443,137.2,-9.6,3,GalaxyCluster
444,137.3,3.9,8,QSO
445,137.9,45.5,5,Sy2
446,139.0,-62.3,4,Sy1
447,139.4,-64.9,2,Galaxy
448,139.6,16.3,4,Sy1.5
449,139.8,55.5,5,Sy2
450,140.0,37.2,5,Sy1.9
451,140.1,-55.2,14,LMXB
452,140.2,-8.1,5,Sy2
453,140.9,-21.6,8,RadioGalaxy
454,140.9,22.9,4,Sy1.2
455,141.0,-31.7,5,Sy1.9
456,141.6,-84.4,5,Sy2
457,141.3,52.3,4,Sy1
458,141.4,69.5,4,Sy1
459,141.5,12.7,4,Sy1.2
460,141.8,23.0,4,Sy1
461,142.0,-69.7,0,SRC/X-RAY
462,142.4,62.5,5,Sy2
463,142.8,-51.1,1,Newsource
464,143.7,-21.9,5,Sy2
465,143.9,26.3,4,Sy1
466,144.0,61.4,4,Sy1.5/LINER/LIRG
467,144.0,-65.8,5,Sy1.8
468,145.0,-32.4,0,SRC/X-RAY
469,145.5,23.7,4,Sy1
470,146.4,-14.3,5,Sy2
471,146.9,-30.9,5,Sy2
472,146.9,7.4,4,Sy1BLRG
473,147.4,73.2,6,NLRG
474,148.0,-6.8,4,Sy1Sy2
475,148.1,-62.5,8,Sy1.9
476,148.9,69.1,5,Sy1.8LINER
477,149.0,69.7,2,GalaxySbrstHII
478,149.5,-42.1,0,SRC/X-RAY
479,149.9,-22.8,5,Sy2
480,150.0,13.0,4,Sy1
481,149.9,-31.2,4,Sy1
482,150.5,28.8,4,NGalaxy;Sy1Sy2
483,150.5,55.7,5,Sy2
484,150.8,-37.4,4,Sy1
485,151.5,-23.1,4,Sy1.5
486,151.8,65.6,6,Quasar/FSRS
487,152.2,-9.9,5,Sy1.8
488,152.5,-42.8,5,Sy2
489,152.4,-58.3,13,HMXB
490,152.8,-57.8,12,Symb/WD
491,153.3,-36.0,5,Sy2
492,154.3,-4.1,2,Galaxy
493,155.3,-2.6,15,RadioSource
494,155.0,-2.6,2,Galaxydoublenucleus
495,155.4,-3.5,4,Sy1
496,155.9,19.9,4,Sy1.5
497,157.4,-38.3,5,Sy2
498,157.8,-42.1,2,Galaxy
499,157.8,50.9,7,BLLac
500,158.0,-14.3,4,Sy1
501,158.0,-34.9,5,Sy2
502,158.2,-28.6,2,Galaxy
503,158.6,73.0,2,Galaxy
504,158.3,52.9,2,Galaxy
505,159.4,-56.8,13,HMXB
506,159.7,-49.8,4,Sy1
507,159.9,-5.1,9,CV/DQHer
508,160.1,-46.4,5,Sy2
509,160.3,-17.6,2,Galaxy
510,160.5,0.7,5,Sy2
511,160.9,11.1,4,Sy1
512,161.0,70.4,5,Sy2
513,161.3,-59.7,12,Star
514,161.2,38.2,5,Sy1.9
515,161.2,-60.4,1,SRC/X-RAY
516,161.7,25.9,5,Sy2
517,162.1,-25.2,5,Sy2
518,162.4,23.0,5,Sy2
519,162.8,-17.0,5,Sy2
520,162.9,-17.1,2,Galaxy
521,163.1,10.6,4,Sy1
522,164.9,65.1,5,Sy2
523,165.3,11.0,5,Sy1.9
524,165.9,37.5,4,Sy1
525,165.9,-23.5,7,BLLac
526,166.1,38.2,7,BLLac
527,166.5,58.9,5,Sy2
528,166.4,58.9,8,QSO/BLAGN
529,166.7,72.6,4,Sy1.5
530,167.7,-28.5,4,Sy1
531,168.5,9.6,4,Sy1.5
532,168.5,20.4,2,GALAXY/GPAIR
533,168.7,79.7,2,Galaxy
534,168.8,54.4,5,Sy2
535,169.6,-54.6,1,Galactic
536,169.9,51.6,4,Sy1
537,170.2,-43.3,4,Sy1
538,170.2,-61.9,13,HMXB
539,170.3,-60.6,13,HMXB/NS
540,171.2,-59.3,10,Pulsar
541,171.4,54.4,4,Sy1
542,171.7,35.3,5,Sy1.9
543,171.8,19.2,5,Sy1.8
544,172.5,-14.8,7,Blazar
545,172.8,-62.9,13,HMXB
546,173.0,-12.5,8,LensedQSO
547,173.1,53.1,2,XBONG
548,173.2,10.3,4,Sy1
549,173.2,10.4,8,QSO/RLQ
550,174.1,67.6,7,BLLac
551,174.1,21.6,4,Sy1
552,174.2,-60.1,5,Sy2/LINER
553,174.6,25.4,5,Sy2
554,174.8,25.6,8,Sy2
555,174.8,59.2,4,Sy1.5
556,174.7,-23.4,6,Sy
557,174.8,-37.7,4,Sy1
558,174.9,-65.4,12,RSCVnsystem
559,174.9,31.9,5,Sy1.8
560,175.3,21.9,4,Sy1
561,175.5,10.3,5,Sy2
562,175.9,71.7,9,CV/DQHer
563,176.0,-61.2,13,HMXB/NS
564,176.1,36.9,4,Sy1
565,176.3,79.7,4,Sy1.2
566,176.4,-18.5,4,Sy1
567,176.4,59.0,2,Galaxy
568,176.5,-69.9,8,QSO
569,176.9,-62.0,13,HMXB/NS
570,177.0,-62.2,13,HMXB
571,177.0,9.0,4,Sy1.5
572,177.2,29.6,6,LINER
573,177.3,-4.3,4,Sy1
574,177.3,53.3,6,BLAGN
575,178.0,-11.4,4,Sy1
576,178.2,-5.2,5,Sy1.8
577,178.4,49.5,8,QuasarFS
578,179.5,55.5,4,Sy1LINER
579,179.7,42.6,5,Sy2
580,179.9,-20.0,8,Quasar
581,180.2,6.8,5,Sy2
582,180.3,-3.7,4,Sy1
583,180.7,-53.8,5,Sy2
584,180.8,44.5,4,Sy1.5
585,181.1,20.3,5,Sy2
586,181.2,27.9,4,Sy1.2
587,181.2,31.2,5,Sy1.9
588,181.5,50.0,5,Sy1.8
589,181.6,52.7,6,LINER
590,181.9,33.9,5,Sy2
591,182.3,47.1,5,Sy2
592,182.4,43.7,5,Sy1.9
593,182.5,-46.6,5,Sy1.8
594,182.6,39.4,4,Sy1.5
595,182.7,38.3,4,Sy1
596,182.8,-39.6,5,Sy2
597,183.1,-58.0,9,CV
598,183.3,7.0,6,AGN
599,183.3,32.6,5,Sy2
600,183.3,32.8,8,QuasarSSRQ
601,183.3,-64.9,13,HMXB/NS
602,183.4,-60.3,0,
603,183.5,-5.5,4,Sy1
604,183.6,29.5,5,Sy2/BINARY
605,184.2,-26.2,5,Sy2/Sy2/Pair
606,184.3,7.2,4,Sy1
607,184.6,29.8,4,Sy1.5
608,184.7,47.3,5,Sy1.9LINER
609,185.3,30.2,7,BLLac
610,185.4,75.3,7,BLLac
611,185.6,4.2,7,Blazar/FSRQ
612,185.9,2.7,4,Sy1
613,186.2,21.4,7,BlazarLPQ
614,186.4,12.7,5,Sy2
615,186.5,33.5,5,Sy1.9
616,186.7,-62.8,14,LMXB/NS
617,187.0,-48.9,1,CV?
618,187.3,2.1,7,Blazar
619,187.8,-42.6,0,X-raysrc
620,187.8,58.0,2,GALAXY/SBRST/Composit
621,187.9,-48.0,4,Sy1
622,188.0,20.2,4,Sy1
623,188.1,-42.3,4,Sy1
624,188.7,-64.6,12,Symb/WD
625,188.9,-39.9,5,Sy2
626,189.6,-38.7,9,CV/DQHER
627,189.6,9.5,2,Galaxy
628,189.7,-27.3,5,Sy2
629,189.8,-16.2,5,Sy2
630,189.9,-5.3,4,Sy1
631,190.0,35.0,5,Sy2
632,190.4,35.1,4,Sy1
633,190.2,-33.6,4,Sy1.5
634,190.2,27.6,5,Sy2
635,190.4,-57.8,4,Sy1.5
636,190.7,-63.1,13,HMXB
637,191.7,54.5,2,"Galaxy,XBONG"
638,192.0,-58.5,5,Sy1.9
639,192.4,-59.1,14,LMXB
640,193.1,-13.4,4,Sy1/NL
641,193.1,-29.2,9,CV/DQHer
642,193.3,-41.6,5,Sy2
643,193.7,-27.0,5,Sy1.9
644,194.0,-5.8,7,Blazar
645,194.4,-69.3,14,LMXB/NS
646,195.0,28.0,3,GalaxyCluster
647,195.0,16.5,4,Sy1Sy2
648,195.3,-61.6,13,HMXB
649,195.5,-64.0,10,Pulsar
650,195.7,16.4,4,Sy1.5
651,196.0,53.8,4,Sy1
652,196.1,-5.6,5,Sy2
653,196.1,-10.3,5,Sy2
654,196.4,-49.5,5,Sy2
655,196.4,-10.6,8,Sy1.2/FSRQ
656,196.6,-40.4,4,Sy1.2
657,196.8,-40.4,2,Galaxy
658,197.3,11.6,5,Sy2XBONG
659,197.7,-55.9,4,Sy1
660,197.7,-56.4,2,Galaxy
661,197.7,8.6,5,Sy2
662,198.3,-11.1,4,Sy1
663,198.5,36.9,4,Sy1.5
664,198.4,36.6,5,Sy1.9
665,198.8,44.4,5,Sy2
666,199.2,-71.9,2,Sy1
667,199.6,-63.0,13,HMXB
668,200.2,9.0,6,AGN
669,200.6,-16.7,5,Sy1.8
670,201.4,-43.0,5,Sy2
671,201.7,-62.1,14,LMXB/NS
672,202.1,-27.3,3,GalaxyCluster
673,202.8,-25.4,4,Sy1
674,203.0,-5.2,8,QSO
675,203.2,-77.8,2,Galaxy
676,203.4,-34.0,5,Sy2
677,203.7,-23.4,5,Sy2
678,204.0,3.0,5,Sy2
679,204.0,-34.3,4,Sy1.2
680,204.4,-13.0,8,BLLAC/HPQ
681,204.6,4.5,5,Sy1.9
682,205.3,-14.6,4,Sy1
683,205.3,67.7,5,Sy2
684,205.3,30.4,5,Sy2Galaxypair
685,205.5,35.7,5,Sy1.9
686,206.1,19.6,5,Sy1.9
687,206.3,41.7,5,Sy2
688,206.6,19.4,4,Sy1
689,206.5,73.3,8,Sy1/QSO
690,206.9,-32.9,3,GalaxyCluster
691,206.9,-60.6,4,Sy1.5
692,206.9,2.3,0,
693,207.3,-30.3,4,Sy1.2
694,207.5,2.1,4,Sy1
695,207.9,-18.2,4,Sy1(NL)
696,208.3,69.3,4,Sy1.5
697,208.4,-11.4,2,Galaxy
698,208.6,-37.8,5,Sy1.9
699,208.6,13.5,5,Sy2pair
700,208.9,35.3,2,Galaxy
701,209.0,38.6,4,Sy1.5
702,209.0,18.4,4,Sy1Sy2/MERGER/Sy2
703,209.2,-19.5,4,Sy1
704,210.2,-63.4,10,Pulsar/msec
705,211.1,-61.8,1,
706,212.0,-30.4,4,Sy1.4
707,212.2,-61.1,0,
708,212.3,-45.3,9,CV/AMHER
709,212.7,-42.5,5,Sy2
710,213.3,-65.3,6,AGN
711,213.3,-3.2,5,Sy1.9
712,214.2,-12.0,2,Galaxy
713,214.3,-46.7,5,Sy2
714,214.4,61.7,8,Radiogalaxy
715,214.5,25.7,7,BLLac
716,214.5,25.1,4,Sy1.5
717,214.7,-61.0,10,PSR/PWN
718,214.8,-26.6,4,Sy1
719,215.0,-60.8,10,PSR
720,215.3,-62.7,13,HMXB
721,215.4,47.8,4,Sy1.5
722,216.1,24.6,5,Sy2
723,216.3,-61.3,12,BeStar
724,216.5,37.8,3,GalaxyCluster
725,216.9,19.8,4,Sy1
726,217.1,42.7,7,BLLac
727,217.3,1.3,4,Sy1
728,217.5,-67.2,14,LMXB
729,217.8,28.3,4,Sy1
730,218.2,-44.2,5,Sy2
731,218.3,-61.3,13,HMXB
732,218.5,5.5,5,Sy1.9
733,218.7,48.7,4,Sy1
734,219.1,58.8,4,Sy1.5
735,219.2,-16.2,8,AGN
736,219.8,14.3,4,Sy1
737,220.2,53.5,4,Sy1
738,220.6,-17.3,5,Sy2
739,221.4,27.0,5,Sy1.9
740,221.6,-64.2,4,Sy1.2
741,221.8,-58.3,1,Newsource
742,222.2,-59.7,15,XRB
743,222.2,-40.1,0,
744,223.7,85.9,2,"Galaxy,z=.0787?"
745,222.9,-55.7,5,Sy2
746,222.3,-55.6,6,AGN
747,223.3,25.9,4,Sy1
748,223.5,-55.4,9,CV/AMHer
749,223.8,-51.6,4,Sy1NL
750,224.4,-43.1,5,Sy2
751,224.8,71.7,8,Sy1.5
752,226.0,10.4,4,Sy1
753,226.5,3.7,4,Sy1
754,226.7,3.9,5,Sy2
755,227.2,-49.9,0,SRC/RADIO
756,227.2,-0.2,4,Sy1.5
757,227.4,-66.8,9,CV/DQHer
758,227.7,5.7,3,GalaxyCluster
759,228.0,-21.3,4,Sy1/NL
760,228.0,-10.8,0,SRC/RADIO
761,228.0,-10.8,2,Galaxy
762,228.2,-9.1,8,QSO/HP
763,228.5,-59.1,10,PSR/PWN
764,228.7,-81.4,4,Sy1.2
765,228.8,42.0,5,Sy2
766,229.9,65.6,5,Sy1.9
767,230.2,-57.2,14,LMXB
768,230.4,3.6,4,Sy1
769,230.9,63.7,8,Sy1/BLRG
770,232.5,-13.0,4,Sy1
771,233.3,-8.7,5,Sy2
772,234.0,-57.8,6,AGN
773,234.0,57.9,4,Sy1
774,234.8,-62.5,15,XRB
775,235.6,-14.2,2,Galaxy
776,235.6,-52.4,13,HMXB
777,236.6,69.5,5,Sy1.9
778,236.9,20.9,8,QSO
779,236.9,-64.2,0,
780,237.0,-62.6,14,LMXB/NS
781,237.1,-45.5,9,CV/DQHer
782,237.1,-13.8,5,Sy2
783,237.7,-54.3,10,Pulsar
784,238.4,23.8,8,WLRG
785,238.4,26.2,8,QSO
786,239.2,-79.2,4,Sy1
787,239.5,-54.4,13,HMXB
788,239.6,27.2,3,GalaxyCluster
789,239.9,25.9,12,Symb/WD
790,240.3,-60.7,14,LMXB
791,241.3,-72.9,2,Galaxy
792,241.8,48.6,4,Sy1
793,241.8,85.0,8,Sy1
794,243.0,-60.6,4,Sy1
795,243.2,-52.4,14,LMXB
796,243.5,65.7,4,Sy1
797,244.2,-50.0,9,CV
798,244.4,-50.9,10,Pulsar
799,244.4,32.4,8,Sy1
800,244.7,-59.5,4,Sy1NL
801,244.9,-49.7,13,HMXB/SFXTCandidate
802,244.9,-28.1,15,Symb/NS
803,244.8,81.0,5,Sy2
804,245.0,-15.6,14,LMXB/NS
805,245.2,-51.5,13,HMXB
806,246.5,43.8,8,Quasar
807,246.5,-29.9,7,Blazar
808,246.7,-51.9,13,HMXB/NS/BeBinary
809,246.4,85.5,4,Sy1.2
810,247.0,51.8,5,Sy1.9
811,247.0,-49.2,14,LMXB/NS
812,247.0,-48.6,13,HMXB/NS
813,247.1,-50.4,14,LMXB
814,247.5,67.4,4,Sy1.0/Sy1.5
815,247.6,39.4,5,Sy2
816,247.8,23.9,5,Sy2/threenucle1
817,248.0,-48.8,13,HMXB/NS
818,248.0,-47.9,10,Pulsar
819,248.1,-67.5,14,LMXB
820,248.5,-47.4,14,LMXB
821,248.2,-47.4,13,HMXB
822,248.8,-58.1,5,Sy2
823,249.6,-64.3,3,GalaxyCluster
824,249.8,-46.7,13,HMXB
825,250.2,-53.8,14,LMXB
826,250.5,-45.5,13,HMXB/SFXT?
827,250.8,70.6,2,Galaxy
828,250.7,39.8,8,HPQ
829,251.4,-45.6,14,LMXB/NS
830,252.0,-45.2,13,HMXB/SFXT
831,251.6,-45.1,13,HMXB/PULSAR
832,252.1,-30.6,4,Sy1
833,252.4,-43.8,15,XRB/NS
834,252.5,-33.1,9,CV/DQHer
835,252.7,4.6,5,Sy2
836,252.8,-59.2,5,Sy2
837,253.2,-59.2,5,AGN/Starburst/Sy1/Sy2
838,253.1,55.9,5,Sy2
839,253.1,-45.3,1,Transient
840,253.2,2.4,5,Sy2
841,253.3,23.8,8,QSO
842,253.5,39.8,7,BLLac
843,253.5,-39.8,14,LMXB/BH
844,253.7,-19.3,9,CV
845,254.0,-52.1,4,Sy1.2
846,254.1,-33.0,7,Blazar
847,254.5,35.3,14,LMXB/NS
848,254.8,-15.3,15,XRB/BH
849,255.1,-42.3,15,XRB
850,255.2,-41.7,13,HMXB/NS
851,255.2,-46.2,14,LMXB
852,255.4,-43.1,1,Star
853,255.4,-40.9,14,LMXB
854,255.7,-48.8,14,LMXB
855,256.0,-37.8,13,HMXB/NS
856,255.9,78.7,3,GalaxyCluster
857,256.4,-36.4,14,LMXB/NS
858,256.6,-43.0,14,LMXB/NS
859,256.5,-61.7,1,transient
860,256.6,24.0,14,LMXB/NS
861,257.2,21.9,4,Sy1/BLAGN
862,257.2,-40.1,10,NS/AXP
863,257.2,-44.1,14,LMXB/NS
864,257.2,-32.3,14,LMXB
865,257.4,-26.7,14,LMXB
866,257.3,-36.4,14,LMXB/microquasar
867,257.4,-36.5,14,LMXB/BH
868,257.6,-28.1,14,LMXB
869,258.0,-39.7,11,SNR
870,258.1,-23.4,3,GalaxyCluster
871,258.1,-40.8,14,LMXB
872,258.2,-24.2,9,CV/DQHer
873,258.2,-37.6,14,LMXB/NS
874,259.2,-62.8,5,Sy2
875,259.8,49.0,4,Sy1LINER
876,259.9,-41.0,9,CV
877,260.0,-31.3,13,HMXB
878,260.1,-51.7,0,SRC/X-RAY
879,260.5,43.3,7,Blazar/Sy1.5
880,260.8,-28.6,0,
881,260.8,34.3,7,Blazar/Sy1
882,260.8,36.5,4,Sy1.5
883,261.3,-36.3,13,HMXB/NS
884,261.4,-33.0,15,XRB
885,261.9,-30.8,14,LMXB
886,262.6,-6.0,9,CV/DQHer
887,262.8,14.7,2,Galaxy
888,262.9,-17.0,14,LMXB/NS
889,263.0,-19.2,12,Nova
890,263.0,-33.8,14,LMXB/NS
891,263.0,-24.7,13,HMXB/NS
892,263.4,-33.4,14,LMXB
893,263.4,36.5,2,Galaxy
894,263.9,-32.9,0,SRC/GAMMA
895,264.4,-29.1,4,Sy1
896,264.5,-60.1,0,
897,264.4,-59.9,5,Sy2
898,264.6,-27.0,14,LMXB/NS
899,264.8,-30.3,13,HMXB
900,264.7,-44.4,14,LMXB/NS
901,265.1,-36.9,14,LMXB
902,265.2,-28.3,14,LMXB
903,265.0,-28.5,14,LMXB
904,265.5,-12.2,4,Sy1
905,265.5,-60.9,8,RadioGalaxy
906,265.5,18.5,8,QSO
907,265.8,-36.4,0,SRC/X-ray
908,265.8,62.8,5,Sy2
909,266.0,-29.7,14,LMXB/BH
910,266.2,-32.5,15,XRB/BH
911,266.4,29.1,4,Sy1
912,266.4,-29.0,1,Galacticcenter
913,266.6,-28.7,14,LMXB
914,266.8,-28.9,14,LMXB
915,266.5,-28.9,1,MolecularCloud?
916,266.5,-29.5,14,LMXB
917,266.2,-29.3,14,LMXB
918,266.6,-32.2,14,LMXB
919,266.8,-28.4,1,
920,266.8,-27.3,15,XRBburster
921,266.9,-30.0,14,LMXB/NS
922,266.9,-22.9,0,QSOCandidate
923,267.2,68.7,4,Sy1/Sy2
924,266.7,68.6,4,Sy1
925,267.0,-26.6,14,LMXB/NS
926,267.3,-26.6,13,HMXB
927,267.1,-36.1,14,LMXB
928,267.2,-32.9,4,Sy1
929,267.3,-27.6,13,HMXB
930,267.4,-28.4,14,LMXB
931,267.6,-37.1,14,LMXB/NS
932,267.6,-29.1,1,transient
933,267.7,-31.3,14,LMXB
934,268.0,-60.3,2,Galaxy
935,268.1,-22.3,15,blackhole
936,268.4,-1.5,14,LMXB/BHC
937,268.6,-26.3,13,HMXB
938,269.5,-30.9,14,LMXB
939,269.6,-21.4,13,HMXB
940,269.9,-22.0,14,LMXB
941,270.0,66.6,5,Sy2
942,270.1,8.2,9,CV/AMHer
943,270.3,-25.1,14,LMXB/NS
944,270.3,-25.7,14,LMXB/BH
945,270.4,-20.5,14,LMXB/NS
946,270.7,-20.3,13,HMXB
947,270.7,-14.9,4,Sy1
948,271.7,-50.1,12,Star/X-ray
949,272.0,11.3,4,Sy1
950,272.0,5.9,9,CV/Dwarfnova
951,272.1,-37.0,14,LMXB
952,272.2,-20.4,10,SGR
953,272.6,-19.1,1,Transient
954,272.7,-26.2,14,LMXB
955,272.9,-19.4,10,Pulsar
956,273.4,-17.8,11,SNR/PWN
957,273.6,-17.2,14,LMXB/NS
958,273.8,-12.1,14,LMXB/NS
959,274.0,42.7,5,Sy2Galaxypair
960,274.0,-14.0,14,LMXB/NS
961,274.1,49.9,9,CV/AMHer
962,274.3,-25.1,9,CV
963,274.4,-33.0,15,XRB/BHC
964,275.1,-14.6,13,HMXB
965,275.3,-13.3,13,HMXB
966,275.5,64.3,8,Sy1
967,275.4,59.9,4,Sy1
968,275.9,-30.4,14,LMXB/NS
969,276.1,-56.4,5,Sy2
970,276.0,18.8,5,Sy2
971,276.1,-14.4,10,Pulsar
972,276.3,-0.0,14,LMXB/NS
973,276.6,72.2,2,Galaxypair
974,276.4,-37.1,14,LMXB
975,276.5,-7.2,4,Sy1
976,276.6,-14.8,13,HMXB
977,276.6,32.9,5,Sy2
978,277.4,-23.8,14,LMXB/NS
979,277.4,48.7,8,Sy1.5LPQ
980,277.7,9.5,5,Sy2
981,278.4,-10.6,11,SNR
982,278.4,-21.1,7,Blazar
983,278.8,32.7,4,Sy1
984,278.9,-33.0,14,LMXB/NS
985,279.2,-59.4,5,Sy2
986,279.5,-6.9,10,PSR/PWN
987,279.6,-65.4,5,Sy2
988,279.8,-57.3,0,SRC/X-RAY
989,280.0,5.0,14,LMXB/NS
990,280.3,-5.6,13,HMXB
991,280.3,-4.9,10,AXP
992,280.5,-11.4,1,Transient
993,280.5,79.8,4,Sy1
994,281.2,-62.4,4,Sy1
995,281.3,-4.6,13,HMXB
996,281.4,0.9,13,HMXB
997,281.4,72.2,5,Sy2
998,281.6,-3.0,10,Pulsar
999,282.6,84.4,0,SRC/X-RAY
1000,281.7,84.4,0,SRC/X-RAY
1001,281.8,-78.5,4,Sy1
1002,282.1,-3.2,13,HMXB/NS/SGFXT
1003,282.2,0.6,12,Nova
1004,282.1,-0.8,0,SRC/Radio
1005,282.3,-0.0,15,XRB
1006,283.2,30.1,0,
1007,283.3,-8.7,14,LMXB/NS
1008,283.7,-78.9,4,Sy1
1009,283.8,-31.2,9,CV/DQHer
1010,283.9,5.3,0,
1011,283.9,-2.6,13,HMXB/NS
1012,284.0,15.6,4,Sy1
1013,284.2,5.3,13,HMXB/BHcandidate
1014,284.2,-54.7,4,Sy1
1015,284.3,-78.5,4,Sy1
1016,284.7,3.4,13,HMXB/NS
1017,285.0,-24.9,14,LMXB/msPSR
1018,285.4,1.4,15,XRB/NS
1019,286.0,33.8,2,Galaxy
1020,286.4,42.5,4,Sy1
1021,286.8,-20.8,9,CV
1022,287.4,9.8,13,HMXB/NS
1023,287.7,7.6,13,HMXB/NS
1024,287.8,0.6,14,LMXB
1025,288.0,5.0,15,uQuasar
1026,288.3,-50.2,5,Sy2
1027,288.5,9.9,13,HMXB
1028,288.8,10.9,14,LMXB/BH
1029,289.7,-5.2,14,LMXB/NS
1030,289.9,-30.0,8,Sy1.9
1031,290.3,-58.7,4,Sy1
1032,290.2,44.0,3,GalaxyCluster
1033,290.7,-17.3,15,XRB/uQuasar?
1034,291.1,50.2,12,Symb/WD
1035,291.3,50.7,2,Galaxy
1036,291.6,41.6,5,Sy2
1037,292.0,74.0,7,BLLacLPQ
1038,292.5,18.3,13,"HMXB,SFXT?"
1039,292.6,34.2,4,Sy1
1040,293.4,32.9,4,Sy1.2QSO
1041,294.4,-6.2,4,Sy1.5
1042,294.5,-51.2,4,Sy1.2
1043,295.0,-10.4,9,CV/AMHer
1044,295.1,-30.3,5,Sy2
1045,295.7,-10.3,4,Sy1.5
1046,296.0,21.3,0,SRC/X-ray
1047,296.4,27.4,13,HMXB
1048,296.8,44.8,5,Sy2
1049,297.4,30.2,13,HMXB/NS
1050,298.1,2.5,5,Sy2
1051,298.2,32.9,11,SNR
1052,298.9,32.1,14,LMXB
1053,299.6,35.2,13,HMXB/BH
1054,299.6,32.5,9,CV/DQHer
1055,299.9,11.7,14,LMXB
1056,299.9,40.7,8,Sy2
1057,300.0,65.1,7,BLLac
1058,300.1,32.2,13,HMXB
1059,300.2,-18.2,4,Sy1merger
1060,301.6,36.7,0,Newsrc
1061,301.6,56.3,5,Sy2
1062,301.7,-34.5,4,Sy1GPAIR
1063,302.2,-61.1,4,Sy1
1064,302.4,-48.8,7,BLLac
1065,302.6,-25.4,0,SRC/X-RAY/RADIO
1066,302.6,48.0,5,Sy2
1067,302.8,-15.8,8,QSO/FSRQ
1068,303.1,-56.8,3,GalaxyCluster
1069,303.7,25.4,6,AGN
1070,303.9,37.2,7,Blazar
1071,304.5,-55.7,6,NLRG
1072,304.7,40.7,5,Sy2
1073,305.5,44.0,5,Sy2
1074,306.0,-2.8,0,SRC/X-RAY
1075,306.7,-2.3,5,Sy2
1076,307.1,25.7,5,Sy2
1077,307.4,-61.8,2,Galaxy
1078,307.7,-75.5,8,QSOSy1
1079,308.1,37.6,13,HMXB/NS
1080,308.1,41.0,13,HMXB/NS
1081,308.4,21.8,8,QSO
1082,308.5,-9.7,0,SRC/X-RAY
1083,308.8,26.1,4,Sy1
1084,309.0,-50.2,5,Sy2
1085,309.3,41.8,1,transient
1086,310.1,-51.4,5,Sy2GALAXY/INTERACTIN
1087,310.7,75.1,8,Sy1
1088,311.0,28.6,4,Sy1
1089,311.0,-10.7,4,Sy1.2
1090,312.1,38.2,1,SRC/X-RAY
1091,313.0,-57.1,5,Sy2
1092,314.1,-47.2,7,BlazarFSRQLPQ
1093,314.2,49.7,0,SRC/RADIO/X-RAY
1094,314.8,43.0,1,SRC/X-RAY
1095,315.0,43.0,1,
1096,315.6,-28.2,0,
1097,315.9,45.8,13,HMXB
1098,317.3,-9.7,4,Sy1.2LINER
1099,317.4,35.5,8,Quasar
1100,318.4,54.4,9,CV
1101,318.5,82.1,4,Sy1
1102,318.9,-58.7,9,CV/AMHER
1103,319.0,25.3,4,Sy1
1104,319.4,51.6,2,Galaxy
1105,319.9,33.5,5,Sy1.8
1106,320.9,42.3,9,CV
1107,320.9,25.1,5,Sy2NLRG
1108,321.1,5.0,0,Star?QSO?
1109,321.2,51.0,8,BLRadioGalaxy
1110,321.9,56.9,4,Sy1
1111,322.3,-15.6,8,LPQGPSFSRQ
1112,322.5,12.2,14,LMXBinglobularclus
1113,323.0,-33.7,4,Sy1
1114,323.4,51.1,9,CV/DQHer
1115,323.7,-27.4,4,Sy1.5
1116,324.0,47.5,4,Sy1
1117,324.1,-62.4,4,Sy1
1118,324.2,-64.6,4,Sy1
1119,324.4,-14.5,8,Sy1.5
1120,324.6,32.1,4,Sy1.5
1121,324.9,59.8,4,Sy1.5
1122,325.7,43.6,9,CV/DwarfN
1123,326.2,38.3,14,LMXB/NS
1124,326.4,11.0,8,Sy1
1125,327.0,7.0,7,Blazar
1126,327.1,-35.0,5,Sy2/LINER
1127,327.5,-19.0,4,Sy1
1128,328.0,-30.5,7,Blazar
1129,329.1,17.4,2,Galaxy
1130,329.3,-69.7,5,Sy2/RADIOGALAXY
1131,329.4,-6.2,12,Star
1132,330.2,10.6,5,Sy1.9
1133,330.4,50.8,8,QSO
1134,330.5,-31.9,5,Sy2
1135,330.7,42.3,7,BLLac
1136,330.8,31.8,8,LPQ
1137,331.1,3.6,5,Sy2
1138,331.8,10.2,4,Sy2/Sy1h/GTRPL
1139,332.0,54.5,13,HMXB/NS
1140,332.3,-27.8,4,Sy1.2
1141,332.3,-47.2,4,Sy1.5
1142,333.0,18.7,4,Sy1
1143,333.5,12.7,9,CV/DWARFNOVA
1144,333.5,-26.0,5,Sy1.8
1145,334.3,14.2,8,Sy1.0/RQQ
1146,334.5,-8.4,9,CV/DQHer
1147,334.6,19.4,9,CV/AMHer
1148,335.0,26.2,8,QSO
1149,335.9,11.8,4,Sy1.5
1150,336.0,-2.1,5,Sy2
1151,336.8,36.4,5,Sy2
1152,337.3,66.8,4,Sy1
1153,337.4,-8.5,8,HPQ/FSRQ
1154,338.2,11.7,7,BlazarHP
1155,338.7,-25.7,5,Sy2
1156,338.9,-26.1,5,Sy1.9
1157,339.0,34.0,5,Sy2
1158,339.2,63.5,0,X-rayTransient
1159,339.1,25.8,2,Galaxy
1160,339.2,-12.5,4,Sy1
1161,340.1,8.1,5,Sy1.8
1162,340.6,-37.2,2,Galaxy
1163,340.6,-45.7,2,SRC/X-RAY
1164,341.5,39.7,5,Sy2
1165,342.2,-51.2,4,Sy1.5
1166,342.2,17.5,2,galaxy
1167,342.7,-8.9,4,Sy1.5
1168,343.0,22.3,8,QSO/FSRQ
1169,342.9,-32.1,7,BLLac
1170,343.5,16.1,7,Blazar
1171,343.5,-17.6,8,Sy1
1172,343.7,11.7,4,Sy1
1173,343.6,11.8,5,Sy2
1174,343.8,-3.2,9,CV/DQHer
1175,344.2,5.4,4,Sy1.5
1176,344.7,40.9,5,Sy1.9
1177,344.9,24.9,4,Sy1
1178,345.4,-59.2,4,Sy1
1179,345.5,16.0,6,LINER
1180,345.8,-18.7,4,Sy1
1181,345.8,8.9,4,Sy1.2
1182,346.2,-8.7,4,Sy1.5
1183,346.2,12.3,5,Sy2/LINER
1184,346.8,4.5,4,Sy1
1185,347.0,22.7,0,
1186,347.0,40.3,4,Sy1
1187,349.6,-42.4,5,Sy2
1188,349.7,0.2,4,Sy1.5
1189,349.9,26.3,9,CVAMHer
1190,350.2,64.5,2,Galaxy
1191,350.6,-6.8,5,Sy2
1192,350.8,58.8,11,SNR
1193,351.4,-38.4,4,Sy1
1194,351.5,21.9,4,Sy1
1195,351.8,15.4,4,Sy1
1196,351.9,9.7,8,QuasarFS
1197,352.2,3.5,5,Sy2
1198,352.7,71.3,5,Sy2
1199,353.5,-23.7,5,Sy2
1200,355.1,76.7,0,SRC/X-RAY
1201,355.5,30.6,5,Sy2
1202,356.0,5.6,2,Galaxy
1203,356.2,-42.7,8,Sy2QSO
1204,356.8,51.7,7,BLLac
1205,358.0,-1.2,8,Sy1N-Galaxy
1206,358.1,58.7,6,AGN
1207,358.2,-17.1,2,galaxy
1208,359.8,-30.6,7,BLLac
1209,359.8,-60.9,5,Sy2/RADIOGALAXY
