oid,expid,hjd,mjd,mag,magerr,catflags,filtercode,ra,dec,chi,sharp,filefracday,field,ccdid,qid,limitmag,magzp,magzprms,clrcoeff,clrcounc,exptime,airmass,programid
473201200005489,44530342,2458199.8093168125,58199.303425900000,13.1205835,0.0123677235,32768,zr,187.2779276,2.0524050000000000,0.379999995,-0.00300000003,20180322303113,473,1,2,19.9599991,25.0088787,0.0464100093,0.100406706,4.17287047E-05,30.0,1.171,1
473201200005489,46023870,2458214.7445445624,58214.238703700000,13.1172094,0.0123718372,32768,zr,187.2779461,2.0524240000000000,0.754999995,-0.00200000009,20180406238704,473,1,2,19.5699997,25.4382038,0.0425989628,0.113286301,3.91208414E-05,30.0,1.225,1
473201200005489,46024243,2458214.7482714048,58214.242430600000,13.1140127,0.0123757366,32768,zr,187.2779338,2.0524261000000000,0.685999990,-0.00400000019,20180406242407,473,1,2,19.5300007,25.1229858,0.0430514738,0.101839043,4.19433563E-05,30.0,1.215,3
473201200005489,46327936,2458217.7851480370,58217.279363400000,13.1244888,0.0123629635,0,zr,187.2779289,2.0524136000000000,0.669000030,0.00899999961,20180409279363,473,1,2,21.2500000,26.1237679,0.0238038488,0.110359482,1.09648790E-05,30.0,1.144,1
473201200005489,46328027,2458217.7860624180,58217.280277800000,13.1166782,0.0123724844,0,zr,187.2779282,2.0524185000000000,0.370000005,-0.03200000152,20180409280278,473,1,2,21.3299999,26.1259556,0.0226087160,0.108322047,9.83016980E-06,30.0,1.144,3
473201200005489,46330437,2458217.8101591120,58217.304375000000,13.1135969,0.0123762460,0,zr,187.2779234,2.0524178000000000,0.837000012,0.01799999923,20180409304363,473,1,2,21.3299999,26.0779629,0.0233612116,0.110267609,1.04244073E-05,30.0,1.145,3
473201200005489,46330530,2458217.8110849927,58217.305300900000,13.1176958,0.0123712448,0,zr,187.2779296,2.0524071000000000,0.964999974,0.02700000070,20180409305289,473,1,2,21.2000008,26.0330791,0.0243143141,0.110946603,1.14424802E-05,30.0,1.145,1
473201200005489,46427667,2458218.7824410480,58218.276678200000,13.1130600,0.0123769008,0,zr,187.2779158,2.0524196000000000,0.625999987,0.03500000015,20180410276493,473,1,2,21.0900002,25.9984055,0.0242872685,0.111761674,1.12709386E-05,30.0,1.144,3
473201200005489,46430256,2458218.8083316614,58218.302569400000,13.1191921,0.0123694176,0,zr,187.2779447,2.0524313000000000,1.792999983,0.02700000070,20180410302569,473,1,2,21.0900002,26.0936356,0.0253446102,0.116134293,1.23620566E-05,30.0,1.145,3
473201200005489,46524444,2458219.7501845276,58219.244444400000,13.1240368,0.0123635139,0,zr,187.2779390,2.0524262000000000,0.570999980,0.00200000009,20180411244433,473,1,2,20.3600006,25.9100704,0.0325267874,0.115388803,2.03008094E-05,30.0,1.179,3
473201200005489,46530398,2458219.8097201890,58219.303981500000,13.1432743,0.0123401266,32768,zr,187.2780272,2.0525019000000000,1.317000031,-0.04800000042,20180411303981,473,1,2,19.5400009,25.2458382,0.0473418124,0.121142343,5.24130955E-05,30.0,1.148,3
473201200005489,46725503,2458221.7607227320,58221.255034700000,13.1316071,0.0123542994,0,zr,187.2780468,2.0526334000000000,2.523999929,-0.02600000054,20180413255035,473,1,2,19.7199993,25.9002323,0.0393551029,0.116920911,3.31882984E-05,30.0,1.155,1
473201200005489,47026240,2458224.7680052524,58224.262407400000,13.1272688,0.0123595782,0,zr,187.2779222,2.0524463000000000,1.146999955,-0.01200000010,20180416262396,473,1,2,20.4599991,25.9826641,0.0303404741,0.113390267,1.79641829E-05,30.0,1.143,3
473201200005489,47026331,2458224.7689080240,58224.263310200000,13.1207199,0.0123675568,0,zr,187.2779393,2.0524357000000000,1.322000027,0.01600000076,20180416263310,473,1,2,20.7800007,25.9970875,0.0273241326,0.116401881,1.47039927E-05,30.0,1.143,1
473201200005489,47027954,2458224.7851458980,58224.279548600000,13.1215458,0.0123665500,0,zr,187.2779291,2.0524335000000000,0.528999984,0.04899999872,20180416279537,473,1,2,21.0300007,26.0971050,0.0242335405,0.117483735,1.16382316E-05,30.0,1.142,1
473201200005489,47028137,2458224.7869745386,58224.281377300000,13.1279888,0.0123587018,0,zr,187.2779290,2.0524302000000000,1.148000002,0.01600000076,20180416281366,473,1,2,20.8600006,26.0255756,0.0270850230,0.120553195,1.44435053E-05,30.0,1.143,3
473201200005489,47327126,2458227.7767547760,58227.271261600000,13.1202488,0.0123681305,0,zr,187.2779672,2.0524443000000000,1.919000030,0.03999999911,20180419271215,473,1,2,20.6200008,25.8118839,0.0306362100,0.124275275,1.82581734E-05,30.0,1.142,3
473201200005489,47917244,2458233.6776893790,58233.172442100000,13.1234770,0.0123641957,0,zr,187.2779058,2.0524175000000000,0.912000000,0.04100000113,20180425172419,473,1,2,20.2000008,26.1594830,0.0329977199,0.102603845,2.13039966E-05,30.0,1.274,1
473201200005489,47917335,2458233.6786037385,58233.173356500000,13.1470137,0.0123355892,0,zr,187.2779257,2.0524194000000000,0.643000007,0.06400000304,20180425173345,473,1,2,20.3199997,26.1601295,0.0318253376,0.102766462,1.99012484E-05,30.0,1.270,3
473201200005489,48827156,2458242.7763317134,58242.271562500000,13.1241541,0.0123633724,0,zr,187.2779183,2.0524091000000000,0.648999989,0.00700000022,20180504271030,473,1,2,21.0799999,26.1438847,0.0242248438,0.113873862,1.15946523E-05,30.0,1.194,1
473201200005489,48916880,2458243.6735238247,58243.168807900000,13.1218538,0.0123661738,0,zr,187.2778928,2.0524489000000000,1.534999967,0.06599999964,20180505168796,473,1,2,21.1000004,26.1330433,0.0258349981,0.082295910,1.29020618E-05,30.0,1.201,3
473201200005489,49016936,2458244.6740186680,58244.169363400000,13.1365919,0.0123482384,0,zr,187.2779078,2.0524271000000000,1.136000037,-0.01700000092,20180506169317,473,1,2,21.0900002,26.1421051,0.0230340119,0.090692453,1.02631429E-05,30.0,1.194,3
473201200005489,49116818,2458245.6727763220,58245.168182900000,13.1328068,0.0123528400,0,zr,187.2779159,2.0524102000000000,0.344000012,-0.00000000000,20180507168171,473,1,2,20.8899994,26.0992031,0.0260710791,0.106234469,1.28870697E-05,30.0,1.190,1
473201200005489,49118870,2458245.6932958450,58245.188703700000,13.1303892,0.0123557802,32768,zr,187.2779179,2.0524222000000000,0.768999994,0.00000000000,20180507188692,473,1,2,19.8700008,25.0998363,0.0404399335,0.106732659,3.34754222E-05,30.0,1.157,3
473201200005489,49323237,2458247.7368342974,58247.232372700000,13.1735258,0.0123035321,0,zr,187.2779426,2.0524523000000000,1.128999949,0.07900000364,20180509232338,473,1,2,21.2700005,26.1545391,0.0244677421,0.113240592,1.15668936E-05,30.0,1.153,3
473201200005489,49523160,2458249.7359376770,58249.231608800000,13.1841288,0.0122907627,0,zr,187.2781047,2.0525560000000000,3.355999947,0.03599999845,20180511231597,473,1,2,20.0799999,25.8861809,0.0410926566,0.133796781,3.32670788E-05,30.0,1.159,1
473201200005489,49523253,2458249.7368635120,58249.232534700000,13.1489353,0.0123332608,0,zr,187.2780679,2.0525410000000000,1.503000021,0.00700000022,20180511232523,473,1,2,19.8799992,25.7617931,0.0412408896,0.137357056,3.29932336E-05,30.0,1.160,3
473201200005489,49621400,2458250.7182664815,58250.214004600000,13.1305113,0.0123556321,0,zr,187.2779753,2.0524935000000000,1.210999966,-0.01700000092,20180512213947,473,1,2,19.7700005,26.1721668,0.0420579948,0.120179445,3.57679601E-05,30.0,1.146,3
473201200005489,50321055,2458257.7143085776,58257.210555600000,13.1243277,0.0123631591,0,zr,187.2779224,2.0524187000000000,0.550999999,0.04899999872,20180519210544,473,1,2,21.4300003,26.1077652,0.0243912935,0.106731407,1.16646579E-05,30.0,1.160,1
473201200005489,50321146,2458257.7152228085,58257.211469900000,13.1166420,0.0123725291,0,zr,187.2779400,2.0524192000000000,0.845000029,0.02800000086,20180519211458,473,1,2,21.3600006,26.1200390,0.0243745074,0.111732155,1.15476432E-05,30.0,1.161,3
473201200005489,50420909,2458258.7127732798,58258.209097200000,13.1186743,0.0123700500,0,zr,187.2779396,2.0524272000000000,0.776000023,0.01499999966,20180520209097,473,1,2,21.3600006,26.0852814,0.0238436423,0.112802342,1.11483323E-05,30.0,1.161,3
473201200005489,50524907,2458259.7526690178,58259.249074100000,13.1788559,0.0122971088,32768,zr,187.2779128,2.0524242000000000,0.882000029,-0.01999999955,20180521249062,473,1,2,18.3500004,24.1137829,0.0500795543,0.089005113,1.46339895E-04,30.0,1.265,3
473201200005489,51329354,2458267.7964755200,58267.293541700000,13.1172190,0.0123718269,0,zr,187.2779309,2.0524259000000000,0.711000025,0.00400000019,20180529293530,473,1,2,20.0200005,26.1010685,0.0367993750,0.115704127,2.70470100E-05,30.0,1.730,3
473201200005489,51329445,2458267.7973897420,58267.294456000000,13.1321344,0.0123536577,0,zr,187.2779432,2.0524225000000000,0.998000026,0.01899999939,20180529294444,473,1,2,20.0100002,26.0790081,0.0360277444,0.107505418,2.58790787E-05,30.0,1.741,1
473201200005489,51518836,2458269.6911384920,58269.188368100000,13.1057892,0.0123857837,0,zr,187.2779994,2.0524543000000000,1.868000031,0.03599999845,20180531188310,473,1,2,20.7199993,26.1439857,0.0306902789,0.123327442,1.85694116E-05,30.0,1.176,3
473201200005489,51718790,2458271.6905000927,58271.187905100000,13.0995207,0.0123934513,0,zr,187.2779463,2.0524311000000000,0.763999999,-0.00499999989,20180602187905,473,1,2,20.6599998,26.1179981,0.0288363602,0.117653474,1.63103014E-05,30.0,1.185,1
473201200005489,52019564,2458274.6979741263,58274.195648100000,13.1370363,0.0123476991,0,zr,187.2779273,2.0524117000000000,1.139000058,0.07000000030,20180605195637,473,1,2,21.4099998,26.1532135,0.0225146469,0.107618086,9.91113302E-06,30.0,1.224,3
473201200005489,52019656,2458274.6988884440,58274.196562500000,13.1262035,0.0123608764,0,zr,187.2779349,2.0524134000000000,0.725000024,0.00800000038,20180605196551,473,1,2,21.4200001,26.1483307,0.0225553364,0.111453325,9.92425885E-06,30.0,1.227,1
473201200005489,52323284,2458277.7348959497,58277.232847200000,13.1152563,0.0123742195,0,zr,187.2779260,2.0524157000000000,0.425000012,0.00400000019,20180608232847,473,1,2,21.3400002,26.0621376,0.0241937004,0.113595672,1.11961663E-05,30.0,1.431,1
473201200005489,52324589,2458277.7479387373,58277.245891200000,13.1240606,0.0123634851,0,zr,187.2779244,2.0524142000000000,1.001000047,0.00899999961,20180608245880,473,1,2,21.2500000,26.0429974,0.0253972113,0.118028089,1.23505706E-05,30.0,1.528,3
473201200005489,52423292,2458278.7348845312,58278.232928200000,13.1314564,0.0123544829,0,zr,187.2779356,2.0524152000000000,0.773000002,0.00899999961,20180609232917,473,1,2,20.7900009,26.0844250,0.0293711964,0.117018126,1.66776499E-05,30.0,1.450,3
473201200005489,52617263,2458280.6744145740,58280.172638900000,13.1007195,0.0123919845,0,zr,187.2779232,2.0524203000000000,1.225000024,-0.04699999839,20180611172639,473,1,2,20.6700001,26.1624355,0.0317833982,0.100219101,1.99065653E-05,30.0,1.207,3
473201200005489,52617358,2458280.6753635860,58280.173588000000,13.1085987,0.0123823499,0,zr,187.2779297,2.0524149000000000,0.643999994,-0.03700000048,20180611173565,473,1,2,20.8400002,26.1563110,0.0265617631,0.110264935,1.38640980E-05,30.0,1.209,1
473201200005489,52719215,2458281.6938327905,58281.192152800000,13.1211195,0.0123670697,0,zr,187.2779882,2.0524498000000000,2.243999958,0.01499999966,20180612192095,473,1,2,21.0300007,26.1088276,0.0277874358,0.123229764,1.52686061E-05,30.0,1.278,3
473201200005489,52919130,2458283.6927989954,58283.191307900000,13.1363230,0.0123485653,0,zr,187.2779329,2.0524222000000000,0.532000005,0.00300000003,20180614191296,473,1,2,21.1299992,26.1413040,0.0278523192,0.112658851,1.50389060E-05,30.0,1.297,1
473201200005489,52919452,2458283.6960162884,58283.194525500000,13.1128778,0.0123771243,0,zr,187.2779312,2.0524141000000000,0.550000012,0.07900000364,20180614194525,473,1,2,21.3600006,26.1557865,0.0248531383,0.107513137,1.20643981E-05,30.0,1.311,3
473201200005489,53020861,2458284.7100054743,58284.208611100000,13.1277399,0.0123590035,0,zr,187.2779214,2.0524101000000000,0.800999999,0.00600000005,20180615208611,473,1,2,21.1800003,26.0807953,0.0234640874,0.113546655,1.07652477E-05,30.0,1.400,3
473201200005489,53923693,2458293.7374569140,58293.236932900000,13.1175814,0.0123713845,0,zr,187.2779340,2.0524377000000000,1.016000032,0.00700000022,20180624236921,473,1,2,20.0200005,26.0799313,0.0388015285,0.118221343,2.91902525E-05,30.0,1.936,1
473201200005489,54223500,2458296.7352323653,58296.235000000000,13.1223726,0.0123655424,0,zr,187.2779135,2.0524406000000000,1.343000054,0.00600000005,20180627234988,473,1,2,20.0699997,26.0862026,0.0318910964,0.095267959,2.01844414E-05,30.0,2.044,1
473201200005489,68354754,2458438.0438367943,58437.547546300000,13.0860243,0.0124099944,0,zr,187.2779000,2.0524244000000000,0.980000019,0.00100000005,20181115547546,473,1,2,20.2700005,26.1117897,0.0328801312,0.095424704,2.09720274E-05,30.0,1.774,1
473201200005489,69451709,2458449.0142639102,58448.517094900000,13.0944948,0.0123996083,0,zr,187.2779176,2.0524150000000000,0.268999994,0.01499999966,20181126517095,473,1,2,20.2500000,26.0962830,0.0325747505,0.103527494,2.07174853E-05,30.0,1.779,1
473201200005489,69454449,2458449.0416620820,58448.544490700000,13.0995684,0.0123933926,0,zr,187.2779270,2.0524109000000000,0.833999991,-0.00400000019,20181126544479,473,1,2,20.2000008,26.1225986,0.0339161344,0.107840918,2.22201634E-05,30.0,1.504,1
473201200005489,71150375,2458466.0024858810,58465.503750000000,13.0808287,0.0124163739,0,zr,187.2779045,2.0524263000000000,0.611000001,0.01999999955,20181213503750,473,1,2,20.6299992,26.1244564,0.0316672176,0.121606760,1.96074834E-05,30.0,1.462,3
473201200005489,71354512,2458468.0440630037,58467.545127300000,13.1015120,0.0123910150,0,zr,187.2779247,2.0524074000000000,0.897000015,0.05700000003,20181215545127,473,1,2,21.2800007,26.0906448,0.0246086176,0.100341462,1.17902982E-05,30.0,1.238,3
473201200005489,71452363,2458469.0226663330,58468.523634300000,13.0630779,0.0124382190,0,zr,187.2779235,2.0524227000000000,0.574999988,0.04899999872,20181216523553,473,1,2,21.2500000,26.1458530,0.0255442653,0.111145712,1.29408891E-05,30.0,1.306,1
473201200005489,71452454,2458469.0235807216,58468.524548600000,13.0934782,0.0124008534,0,zr,187.2779317,2.0523990000000000,0.611999989,0.02500000037,20181216524537,473,1,2,21.2600002,26.1504250,0.0248862859,0.108579278,1.22618258E-05,30.0,1.303,3
473201200005489,72048076,2458474.9803885240,58474.480763900000,13.1028910,0.0123893283,0,zr,187.2779200,2.0524040000000000,0.632000029,-0.00899999961,20181222480752,473,1,2,20.2000008,26.1422443,0.0300257094,0.104985557,1.74416109E-05,30.0,1.451,3
473201200005489,72048167,2458474.9813029160,58474.481678200000,13.0912161,0.0124036269,0,zr,187.2779280,2.0524139000000000,0.778999984,0.06100000069,20181222481667,473,1,2,20.2800007,26.1345921,0.0301423687,0.108249106,1.75939440E-05,30.0,1.445,1
473201200005489,72248416,2458476.9839922810,58476.484166700000,13.0880470,0.0124075133,0,zr,187.2779280,2.0524050000000000,0.609000027,0.05700000003,20181224484155,473,1,2,20.5900002,26.1530876,0.0257930495,0.105113044,1.32467958E-05,30.0,1.395,1
473201200005489,73250199,2458487.0028230530,58486.501990700000,13.0912933,0.0124035310,0,zr,187.2779243,2.0524192000000000,0.776000023,-0.06100000069,20190103501979,473,1,2,21.1299992,26.1561680,0.0246243142,0.112258174,1.16633337E-05,30.0,1.214,3
473201200005489,73352884,2458488.0297775646,58487.528842600000,13.0871458,0.0124086188,0,zr,187.2779283,2.0524022000000000,0.744000018,0.05999999866,20190104528796,473,1,2,21.4799995,26.1728420,0.0265749115,0.102349944,1.36188091E-05,30.0,1.164,3
473201200005489,73352975,2458488.0306919560,58487.529756900000,13.0891161,0.0124062020,0,zr,187.2779262,2.0524116000000000,1.098999977,0.00999999978,20190104529745,473,1,2,21.5799999,26.1808548,0.0257966854,0.102751188,1.28372849E-05,30.0,1.163,1
473201200005489,73754380,2458492.0451413286,58491.543807900000,13.1006193,0.0123921074,0,zr,187.2779076,2.0524135000000000,0.726000011,-0.00600000005,20190108543796,473,1,2,20.8299999,26.1278801,0.0250182766,0.105710901,1.21556968E-05,30.0,1.140,3
473201200005489,73754611,2458492.0474447547,58491.546111100000,13.0762587,0.0124219926,0,zr,187.2779224,2.0524221000000000,0.314999998,-0.00100000005,20190108546076,473,1,2,20.6700001,26.1264858,0.0259916503,0.104347967,1.30199969E-05,30.0,1.141,1
473201200005489,73848070,2458492.9821316204,58492.480706000000,13.0391788,0.0124677457,32768,zr,187.2779223,2.0524206000000000,0.477999985,0.03299999982,20190109480613,473,1,2,20.0900002,25.1033916,0.0443423502,0.103239104,3.90970890E-05,30.0,1.214,3
473201200005489,73947920,2458493.9807249080,58493.479201400000,13.0835991,0.0124129727,0,zr,187.2779217,2.0524157000000000,0.684000015,0.05400000140,20190110479190,473,1,2,21.3500004,26.1547241,0.0226447266,0.103053816,9.88106876E-06,30.0,1.210,1
473201200005489,73950222,2458494.0037479690,58493.502222200000,13.0730610,0.0124259256,0,zr,187.2779226,2.0524158000000000,0.583999991,0.05700000003,20190110502130,473,1,2,21.6100006,26.1534119,0.0235111993,0.104531333,1.07572732E-05,30.0,1.164,3
473201200005489,74054434,2458495.0459677726,58494.544340300000,13.0896568,0.0124055389,0,zr,187.2779320,2.0524203000000000,0.232999995,0.01300000027,20190111544340,473,1,2,21.5000000,26.0676765,0.0250648465,0.111883581,1.20869299E-05,30.0,1.143,3
473201200005489,74054756,2458495.0491971870,58494.547569400000,13.0859776,0.0124100531,0,zr,187.2779233,2.0524166000000000,0.661000013,0.06300000101,20190111547569,473,1,2,21.5599995,26.1487503,0.0218971912,0.101549149,9.24792312E-06,30.0,1.145,1
473201200005489,74852325,2458503.0256393670,58502.523252300000,13.1049166,0.0123868501,0,zr,187.2779186,2.0524074000000000,0.157000005,0.00400000019,20190119523241,473,1,2,20.6499996,26.1634998,0.0262178052,0.102961726,1.32770247E-05,30.0,1.144,1
473201200005489,74852415,2458503.0265422510,58502.524155100000,13.1052608,0.0123864301,0,zr,187.2779142,2.0524038000000000,0.666000009,0.01899999939,20190119524155,473,1,2,20.4599991,26.1678772,0.0275703222,0.099972025,1.47267110E-05,30.0,1.144,3
473201200005489,74948304,2458503.9855197580,58503.483044000000,13.0954142,0.0123984814,0,zr,187.2779242,2.0524158000000000,0.331999987,0.00499999989,20190120482986,473,1,2,19.6499996,25.8308144,0.0446151607,0.106338769,4.14708120E-05,30.0,1.153,3
473201200005489,75152346,2458506.0261227080,58505.523460600000,13.0930967,0.0124013210,0,zr,187.2779112,2.0524269000000000,0.488999993,-0.00400000019,20190122523449,473,1,2,19.4099998,26.1704350,0.0399279408,0.108996324,3.52511925E-05,30.0,1.150,3
473201200005489,75154138,2458506.0440526283,58505.541388900000,13.0835953,0.0124129774,0,zr,187.2779036,2.0524167000000000,0.395999998,-0.00100000005,20190122541354,473,1,2,19.5599995,26.1637268,0.0397858731,0.111718789,3.29795694E-05,30.0,1.174,1
473201200005489,75254784,2458507.0506016663,58506.547847200000,13.0646477,0.0124362847,0,zr,187.2779446,2.0524244000000000,0.537000000,0.00400000019,20190123547824,473,1,2,19.0100002,26.1632767,0.0468949005,0.113004975,6.37649937E-05,30.0,1.192,3
473201200005489,75752521,2458512.0284108260,58511.525219900000,13.1195250,0.0123690125,0,zr,187.2778688,2.0524519000000000,1.297999978,-0.00600000005,20190128525208,473,1,2,20.1200008,25.9390697,0.0317575559,0.062074780,1.98008966E-05,30.0,1.174,1
473201200005489,75845489,2458512.9581657960,58512.454895800000,13.3736982,0.0120676309,32768,zr,187.2779230,2.0524049000000000,0.986000001,-0.01700000092,20190129454826,473,1,2,18.5599995,23.6598587,0.1388132870,0.028247535,1.02533470E-03,30.0,1.157,3
473201200005489,75849605,2458512.9993266826,58512.496053200000,13.0685787,0.0124314427,32768,zr,187.2779226,2.0524092000000000,0.949000001,0.00700000022,20190129496053,473,1,2,18.9599991,24.1709461,0.0490443669,0.122516386,8.71452139E-05,30.0,1.144,1
473201200005489,75945524,2458513.9585972624,58513.455243100000,13.0066614,0.0125081250,32768,zr,187.2779372,2.0524099000000000,1.049999952,0.05600000173,20190130455243,473,1,2,17.4400005,22.4655437,0.2513937354,0.130032659,1.38800750E-02,30.0,1.154,3
473201200005489,76041866,2458514.9221032840,58514.418669000000,13.1284132,0.0123581849,32768,zr,187.2779193,2.0524374000000000,0.929000020,-0.02400000021,20190131418634,473,1,2,18.1700001,23.6597652,0.0858292803,0.136729077,4.41053329E-04,30.0,1.219,1
473201200005489,76041958,2458514.9230176597,58514.419583300000,12.9274702,0.0126074227,32768,zr,187.2779183,2.0524152000000000,0.409999996,0.03599999845,20190131419572,473,1,2,19.4899998,24.6038933,0.1108631715,0.109907366,2.95415986E-04,30.0,1.216,3
473201200005489,76852650,2458523.0305739330,58522.526504600000,13.0854836,0.0124106575,0,zr,187.2779240,2.0524251000000000,0.976999998,0.05600000173,20190208526493,473,1,2,21.3400002,26.1356525,0.0248629563,0.106215410,1.20562281E-05,30.0,1.256,3
473201200005489,77046564,2458524.9698580303,58524.465648100000,13.0777903,0.0124201085,0,zr,187.2779195,2.0524269000000000,0.354999989,0.00600000005,20190210465648,473,1,2,21.0200005,26.1314049,0.0245059486,0.109921254,1.16675474E-05,30.0,1.145,3
473201200005489,77046656,2458524.9707724950,58524.466562500000,13.0765676,0.0124216108,0,zr,187.2779214,2.0524244000000000,0.588000000,0.07000000030,20190210466562,473,1,2,21.2000008,26.1231594,0.0234279484,0.112853885,1.07184633E-05,30.0,1.146,1
473201200005489,77248496,2458526.9893166134,58526.484965300000,13.0683966,0.0124316663,0,zr,187.2779442,2.0524415000000000,0.708999991,-0.00499999989,20190212484965,473,1,2,19.6399994,25.6367435,0.0449847244,0.129598916,4.21198165E-05,30.0,1.176,3
473201200005489,78435809,2458538.8631617525,58538.358090300000,13.0926313,0.0124018909,32768,zr,187.2779178,2.0524040000000000,1.103000045,0.08200000226,20190224358079,473,1,2,19.3899994,25.5314960,0.0441674851,0.105072968,5.05651478E-05,30.0,1.206,1
473201200005489,78533585,2458539.8409782710,58539.335856500000,13.0515327,0.0124524655,0,zr,187.2779177,2.0524254000000000,0.990000010,0.03900000080,20190225335856,473,1,2,20.2800007,25.6475334,0.0346366055,0.115791291,2.34603103E-05,30.0,1.267,3
473201200005489,78935626,2458543.8615750640,58543.356261600000,13.0654840,0.0124352537,0,zr,187.2779338,2.0524115000000000,0.300999999,0.01600000076,20190301356250,473,1,2,21.2099991,26.1206589,0.0245527644,0.113858804,1.17315194E-05,30.0,1.179,3
473201200005489,78935717,2458543.8624894050,58543.357175900000,13.0785627,0.0124191595,0,zr,187.2779284,2.0524114000000000,0.377999991,0.03299999982,20190301357164,473,1,2,21.1000004,25.9428234,0.0242803544,0.102179997,1.15241937E-05,30.0,1.178,1
473201200005489,79329805,2458547.8035324295,58547.298055600000,13.0602379,0.0124417208,0,zr,187.2779234,2.0524041000000000,0.451999992,0.02999999933,20190305298056,473,1,2,21.1499996,26.1146088,0.0246099178,0.112212658,1.16913207E-05,30.0,1.336,3
473201200005489,80433561,2458558.8414125270,58558.335613400000,13.0450239,0.0124605102,0,zr,187.2779395,2.0524116000000000,0.964999974,-0.00100000005,20190316335544,473,1,2,20.5200005,26.1294193,0.0340024643,0.121363536,2.23356492E-05,30.0,1.151,3
473201200005489,80733688,2458561.8427380193,58561.336886600000,13.0483913,0.0124563472,0,zr,187.2779226,2.0524130000000000,0.606000006,0.02199999988,20190319336829,473,1,2,20.1599998,26.1036530,0.0333603658,0.103051163,2.19017074E-05,30.0,1.144,3
473201200005489,81335722,2458567.8631324493,58567.357222200000,13.0388279,0.0124681788,0,zr,187.2779368,2.0524278000000000,1.524999976,-0.01400000043,20190325357222,473,1,2,20.0799999,26.1200447,0.0371076725,0.118319146,2.70875353E-05,30.0,1.153,1
473201200005489,81335812,2458567.8640352534,58567.358125000000,13.0372200,0.0124701718,0,zr,187.2779297,2.0524304000000000,0.600000024,-0.00200000009,20190325358125,473,1,2,20.1800003,26.1214294,0.0341193713,0.119014621,2.31093163E-05,30.0,1.154,3
473201200005489,81429424,2458568.8001615500,58568.294247700000,13.0526409,0.0124510974,0,zr,187.2779206,2.0524220000000000,0.708999991,-0.05000000075,20190326294190,473,1,2,21.0000000,26.1014595,0.0256994497,0.117780261,1.30714743E-05,30.0,1.169,3
473201200005489,81829565,2458572.8015720660,58572.295659700000,13.0726576,0.0124264210,32768,zr,187.2779275,2.0524155000000000,0.702000022,-0.00200000009,20190330295648,473,1,2,20.5499992,25.4997787,0.0324786566,0.101310804,2.05431352E-05,30.0,1.152,3
473201200005489,81829655,2458572.8024632630,58572.296550900000,13.0597086,0.0124423746,32768,zr,187.2779197,2.0524160000000000,0.432000011,0.00600000005,20190330296551,473,1,2,20.4400005,25.3977680,0.0321334675,0.100377358,2.00358736E-05,30.0,1.151,1
473201200005489,81927354,2458573.7794495340,58573.273541700000,13.0376997,0.0124695757,0,zr,187.2779270,2.0524222000000000,0.888999999,-0.00400000019,20190331273507,473,1,2,20.8899994,26.0829182,0.0266307425,0.117171749,1.39068052E-05,30.0,1.181,3
473201200005489,82124979,2458575.7556853965,58575.249791700000,13.0471630,0.0124578662,0,zr,187.2779215,2.0524172000000000,0.930000007,0.04600000009,20190402249641,473,1,2,21.3500004,25.9268990,0.0254533533,0.101350144,1.27138273E-05,30.0,1.226,1
473201200005489,82627650,2458580.7823324790,58580.276504600000,13.0451860,0.0124603100,0,zr,187.2779307,2.0524148000000000,0.632000029,0.02099999972,20190407276493,473,1,2,21.3099995,26.1369934,0.0227567721,0.102440871,9.87117528E-06,30.0,1.150,3
473201200005489,82627740,2458580.7832352635,58580.277407400000,13.0457764,0.0124595808,0,zr,187.2779231,2.0524071000000000,0.488000005,0.03500000015,20190407277407,473,1,2,21.3500004,26.1275978,0.0231126230,0.107479401,1.02039894E-05,30.0,1.149,1
473201200005489,82725384,2458581.7596527296,58581.253842600000,13.0563498,0.0124465181,0,zr,187.2779219,2.0524043000000000,0.705999970,0.01200000010,20190408253819,473,1,2,21.1599998,26.0485096,0.0244010855,0.112101056,1.16186511E-05,30.0,1.177,3
473201200005489,82829192,2458582.7977108470,58582.291921300000,13.0427113,0.0124633722,0,zr,187.2779343,2.0524034000000000,0.680000007,0.00600000005,20190409291921,473,1,2,21.5900002,26.1040039,0.0225359313,0.105730802,9.86720715E-06,30.0,1.140,3
473201200005489,82925413,2458583.7599007566,58583.254131900000,13.0518160,0.0124521172,0,zr,187.2779338,2.0524205000000000,0.592999995,-0.00700000022,20190410254132,473,1,2,20.6100006,26.0799313,0.0269781407,0.108878911,1.40181701E-05,30.0,1.167,1
473201200005489,82925503,2458583.7608035370,58583.255034700000,13.0481949,0.0124565912,0,zr,187.2779227,2.0524132000000000,0.330000013,0.00899999961,20190410255035,473,1,2,20.7999992,26.0783367,0.0276845582,0.107818909,1.46851617E-05,30.0,1.166,3
473201200005489,83029743,2458584.8031753106,58584.297430600000,13.0430946,0.0124628991,0,zr,187.2779195,2.0524099000000000,0.335000008,0.00800000038,20190411297407,473,1,2,21.0300007,26.0851803,0.0248097759,0.108245365,1.18927128E-05,30.0,1.143,3
473201200005489,83131158,2458585.8173051206,58585.311585600000,13.0547848,0.0124484506,0,zr,187.2779238,2.0524144000000000,0.527999997,0.01499999966,20190412311586,473,1,2,21.0900002,26.0889606,0.0223329570,0.099353746,9.71911413E-06,30.0,1.157,3
473201200005489,83220984,2458586.7155452906,58586.209849500000,13.0478287,0.0124570439,0,zr,187.2779298,2.0524109000000000,0.324999988,0.00600000005,20190413209838,473,1,2,21.1299992,26.0739079,0.0239943117,0.105395645,1.12106700E-05,30.0,1.258,3
473201200005489,83221532,2458586.7210197453,58586.215324100000,13.0823956,0.0124144508,0,zr,187.2779210,2.0524128000000000,0.947000027,0.00999999978,20190413215301,473,1,2,21.1200008,26.0867405,0.0242614299,0.094428085,1.13350561E-05,30.0,1.239,1
473201200005489,83327364,2458587.7793118493,58587.273645800000,13.0607634,0.0124410726,0,zr,187.2779387,2.0524078000000000,0.444999993,0.02999999933,20190414273646,473,1,2,20.6700001,26.0631371,0.0280671939,0.107937545,1.53724577E-05,30.0,1.141,3
473201200005489,83433902,2458588.8446622040,58588.339027800000,13.1070347,0.0123842610,32768,zr,187.2778842,2.0524418000000000,1.475000024,-0.02500000037,20190415338970,473,1,2,19.1700001,25.5309467,0.0427154526,0.076817073,5.15967367E-05,30.0,1.232,3
473201200005489,83525334,2458589.7589507294,58589.253344900000,13.0753164,0.0124231493,0,zr,187.2779280,2.0524215000000000,0.476000011,0.03299999982,20190416253345,473,1,2,19.4099998,25.9809532,0.0431304462,0.096721016,4.20204451E-05,30.0,1.148,1
473201200005489,83525424,2458589.7598535010,58589.254247700000,13.0763445,0.0124218855,0,zr,187.2779256,2.0524112000000000,0.754000008,0.02700000070,20190416254248,473,1,2,19.6800003,26.0329475,0.0362025835,0.088172935,2.76780720E-05,30.0,1.148,3
473201200005489,83825478,2458592.7602828434,58592.254780100000,13.0677948,0.0124324085,0,zr,187.2779169,2.0523977000000000,0.643999994,0.04399999976,20190419254722,473,1,2,19.5300007,26.1463718,0.0368186869,0.102813177,3.08419476E-05,30.0,1.142,1
473201200005489,83825568,2458592.7611856100,58592.255682900000,13.0771122,0.0124209430,0,zr,187.2779152,2.0524198000000000,0.778999984,0.07299999893,20190419255683,473,1,2,19.5599995,26.1137199,0.0450725369,0.102310970,4.38981078E-05,30.0,1.142,3
473201200005489,83925070,2458593.7561714416,58593.250706000000,13.0818501,0.0124151194,0,zr,187.2779091,2.0524187000000000,0.666999996,0.07900000364,20190420250671,473,1,2,20.1200008,26.1517029,0.0326966122,0.100735463,2.09760619E-05,30.0,1.143,3
473201200005489,84227265,2458596.7779934770,58596.272650500000,13.0576477,0.0124449171,0,zr,187.2779244,2.0524009000000000,0.256000012,0.00899999961,20190423272650,473,1,2,20.9400005,26.1054745,0.0276091490,0.106052272,1.47945702E-05,30.0,1.148,3
473201200005489,84429744,2458598.8026953170,58598.297442100000,13.0561771,0.0124467313,0,zr,187.2779323,2.0524068000000000,0.549000025,0.01200000010,20190425297407,473,1,2,21.6299992,26.0761395,0.0243443623,0.106286727,1.14502636E-05,30.0,1.194,3
473201200005489,85423116,2458608.7358963110,58608.231169000000,13.0723791,0.0124267638,0,zr,187.2779160,2.0524256000000000,0.829999983,0.04500000179,20190505231076,473,1,2,21.3400002,26.0633717,0.0247771237,0.110315122,1.19735760E-05,30.0,1.142,1
473201200005489,85820976,2458612.7142476840,58612.209768500000,13.0561333,0.0124467863,0,zr,187.2779271,2.0524111000000000,0.326000005,0.00700000022,20190509209757,473,1,2,21.3999996,26.0601807,0.0233649556,0.109003581,1.07147816E-05,30.0,1.140,1
473201200005489,87918743,2458633.6903095910,58633.187430600000,13.0938168,0.0124004381,0,zr,187.2779275,2.0524035000000000,0.510999978,-0.01700000092,20190530187419,473,1,2,21.4500008,26.0968704,0.0222109500,0.098550446,9.63097227E-06,30.0,1.167,3
473201200005489,88025461,2458634.7574047325,58634.254618100000,13.0882988,0.0124072041,0,zr,187.2779246,2.0524080000000000,1.552999973,0.03599999845,20190531254618,473,1,2,21.4500008,26.0121765,0.0222002231,0.101626791,9.60863235E-06,30.0,1.422,1
473201200005489,88025642,2458634.7592100750,58634.256423600000,13.0976849,0.0123956995,0,zr,187.2779305,2.0524076000000000,0.349999994,-0.01600000076,20190531256424,473,1,2,21.4500008,25.9984455,0.0209389031,0.103361435,8.52591893E-06,30.0,1.434,3
473201200005489,88318317,2458637.6857003220,58637.183171300000,13.1001434,0.0123926895,0,zr,187.2779292,2.0524033000000000,0.460000008,-0.00000000000,20190603183171,473,1,2,21.5699997,26.0484581,0.0228268448,0.106613718,1.01612532E-05,30.0,1.178,1
473201200005489,88621373,2458640.7159947270,58640.213738400000,13.0949669,0.0123990290,0,zr,187.2779408,2.0524127000000000,0.847999990,0.04100000113,20190606213738,473,1,2,21.2199993,26.0391712,0.0242604837,0.107803151,1.15193079E-05,30.0,1.293,1
473201200005489,88923940,2458643.7413883843,58643.239409700000,13.0922003,0.0124024190,0,zr,187.2779224,2.0524115000000000,1.603999972,0.04100000113,20190609239410,473,1,2,20.6499996,26.0750828,0.0279597174,0.114825279,1.55019061E-05,30.0,1.488,1
473201200005489,89323488,2458647.7364894603,58647.234884300000,13.1105604,0.0123799527,0,zr,187.2779376,2.0524169000000000,0.797999978,0.04899999872,20190613234884,473,1,2,20.3199997,26.0815449,0.0359097458,0.099997886,2.53344915E-05,30.0,1.540,1
473201200005489,89624980,2458650.7511222158,58650.249803200000,13.1127863,0.0123772342,0,zr,187.2779349,2.0524047000000000,0.676999986,0.05299999937,20190616249803,473,1,2,20.2900009,26.0308685,0.0315700918,0.107635804,1.91861709E-05,30.0,1.785,1
473201200005489,89918615,2458653.6871949974,58653.186157400000,13.0962954,0.0123974010,0,zr,187.2779324,2.0524063000000000,1.077000022,0.04399999976,20190619186146,473,1,2,20.8299999,26.0253277,0.0259577427,0.111017987,1.32100622E-05,30.0,1.329,1
473201200005489,90417724,2458658.6778000672,58658.177245400000,13.0926361,0.0124018854,0,zr,187.2779412,2.0523986000000000,0.986000001,0.04399999976,20190624177245,473,1,2,21.1299992,26.0561714,0.0264373086,0.110026896,1.33888916E-05,30.0,1.353,1
473201200005489,90817418,2458662.6743554985,58662.174189800000,13.0704651,0.0124291191,0,zr,187.2779443,2.0524197000000000,1.292999983,-0.06199999899,20190628174190,473,1,2,20.4500008,26.0660553,0.0364045277,0.119652249,2.51256060E-05,30.0,1.397,1
473201200005489,91322950,2458667.7291760934,58667.229502300000,13.1154623,0.0123739680,0,zr,187.2779306,2.0524097000000000,0.541999996,0.00499999989,20190703229502,473,1,2,20.7800007,26.0172882,0.0262182504,0.108646929,1.33512258E-05,30.0,2.236,1
473201200005489,92022069,2458674.7196947890,58674.220694400000,13.1026459,0.0123896273,0,zr,187.2779443,2.0524122000000000,0.523999989,0.00999999978,20190710220694,473,1,2,20.2000008,25.9855080,0.0322715342,0.105037279,2.03311101E-05,30.0,2.504,1
473201200005489,92320489,2458677.7036132710,58677.204895800000,13.1306210,0.0123554999,0,zr,187.2779428,2.0524074000000000,0.694000006,-0.00600000005,20190713204896,473,1,2,20.3199997,25.9743443,0.0334431641,0.108163424,2.25327385E-05,30.0,2.300,1
473201200005489,103753271,2458792.0282558477,58791.532719900000,13.0327702,0.0124756843,0,zr,187.2778700,2.0524751000000000,1.904000044,-0.01300000027,20191104532211,473,1,2,19.9200001,25.9142761,0.0367297791,0.079824433,2.64249411E-05,30.0,2.694,2
473201200005489,103754232,2458792.0378629304,58791.542326400000,13.0384827,0.0124686062,0,zr,187.2778573,2.0524650000000000,1.008999944,0.01200000010,20191104542280,473,1,2,19.7299995,25.9551449,0.0390051641,0.087207966,3.05164849E-05,30.0,2.400,2
473201200005489,103754716,2458792.0427012190,58791.547164400000,13.0614157,0.0124402689,0,zr,187.2779133,2.0524212000000000,0.603999972,0.02899999917,20191104547118,473,1,2,19.8199997,25.9631538,0.0410772599,0.107160397,3.39927246E-05,30.0,2.278,2
473201200005489,104153447,2458796.0302639115,58795.534479200000,13.0384007,0.0124687087,0,zr,187.2779394,2.0524275000000000,0.294000000,-0.00600000005,20191108534456,473,1,2,19.9799995,25.9229736,0.0391768888,0.119584985,2.98218001E-05,30.0,2.321,2
473201200005489,104153950,2458796.0352873430,58795.539502300000,13.0269623,0.0124828881,0,zr,187.2779456,2.0524321000000000,0.575999975,-0.00400000019,20191108539491,473,1,2,19.9200001,25.9365482,0.0377493277,0.123187751,2.81998564E-05,30.0,2.203,2
473201200005489,104154454,2458796.0403339784,58795.544548600000,13.0548258,0.0124483993,0,zr,187.2779218,2.0524588000000000,1.470000029,0.02600000054,20191108544525,473,1,2,19.8400002,25.9566212,0.0391793400,0.116595626,3.02640365E-05,30.0,2.098,2
473201200005489,104154959,2458796.0453806096,58795.549594900000,13.0421925,0.0124640157,0,zr,187.2779325,2.0524183000000000,0.855000019,0.02999999933,20191108549583,473,1,2,19.7299995,25.9729919,0.0400094651,0.111279801,3.15735451E-05,30.0,2.004,2
473201200005489,104353744,2458798.0333593810,58797.537442100000,13.0181360,0.0124938488,0,zr,187.2779392,2.0524070000000000,0.901000023,0.06899999827,20191110537384,473,1,2,20.5300007,25.9195690,0.0289955046,0.115891218,1.63654022E-05,30.0,2.131,2
473201200005489,104354247,2458798.0383945266,58797.542476900000,13.0152035,0.0124974940,0,zr,187.2779431,2.0524192000000000,0.492000014,0.02500000037,20191110542419,473,1,2,20.4799995,25.9346867,0.0303115230,0.109589234,1.78743121E-05,30.0,2.034,2
473201200005489,104553993,2458800.0359855876,58799.539930600000,13.0103788,0.0125034973,0,zr,187.2779214,2.0524257000000000,1.067000031,0.00400000019,20191112539896,473,1,2,19.9699993,25.9792919,0.0357511416,0.101067647,2.48088163E-05,30.0,1.982,2
473201200005489,104554489,2458800.0409511400,58799.544895800000,13.0231562,0.0124876127,0,zr,187.2779195,2.0524092000000000,0.634000003,0.03700000048,20191112544861,473,1,2,20.0499992,25.9970036,0.0380135737,0.097529359,2.82812834E-05,30.0,1.902,2
473201200005489,104554986,2458800.0459167934,58799.549861100000,12.9934921,0.0125245452,0,zr,187.2779279,2.0524184000000000,0.591000021,0.00000000000,20191112549826,473,1,2,19.8999996,26.0311813,0.0391706862,0.107528083,2.98526029E-05,30.0,1.829,2
473201200005489,104555483,2458800.0508940467,58799.554838000000,13.0507011,0.0124534937,0,zr,187.2779287,2.0524092000000000,0.541999996,0.03999999911,20191112554803,473,1,2,19.7099991,26.0127430,0.0463341139,0.121191345,4.35595612E-05,30.0,1.763,2
473201200005489,104653069,2458801.0268193720,58800.530694400000,13.0569286,0.0124458037,0,zr,187.2779109,2.0524330000000000,0.671000004,0.03200000152,20191113530648,473,1,2,19.8500004,26.0029659,0.0407368504,0.084810324,3.22605811E-05,30.0,2.102,1
473201200005489,104754166,2458802.0378643500,58801.541666700000,12.8809481,0.0126663605,32768,zr,187.2779254,2.0524115000000000,0.810999990,0.03099999949,20191114541609,473,1,2,18.3199997,24.5576725,0.0831801444,0.112352967,4.01534053E-04,30.0,1.868,2
473201200005489,104754680,2458802.0430036276,58801.546805600000,13.0728331,0.0124262050,32768,zr,187.2779263,2.0524087000000000,0.702000022,0.04300000146,20191114546748,473,1,2,18.0799999,24.3505287,0.0570631884,0.079492576,2.44172057E-04,30.0,1.796,2
473201200005489,104755193,2458802.0481313050,58801.551932900000,13.0097666,0.0125042582,32768,zr,187.2779274,2.0524233000000000,0.342999995,0.02300000004,20191114551875,473,1,2,18.8199997,25.1172180,0.0405346714,0.095166892,6.32075898E-05,30.0,1.731,2
473201200005489,107456796,2458829.0664861132,58828.567963000000,13.0184031,0.0124935172,0,zr,187.2779247,2.0524098000000000,0.564000010,0.04500000179,20191211567928,473,1,2,20.6800003,26.1903610,0.0341084227,0.105726145,2.25357198E-05,30.0,1.195,1
473201200005489,107947969,2458833.9787009065,58833.479699100000,12.9851484,0.0125349676,0,zr,187.2779132,2.0524390000000000,0.312999994,0.00700000022,20191216479664,473,1,2,19.3600006,26.1750736,0.0498493612,0.101460710,5.61538727E-05,30.0,1.573,1
473201200005489,108454655,2458839.0460559353,58838.546550900000,13.0268793,0.0124829905,32768,zr,187.2778857,2.0524529000000000,1.542000055,0.00100000005,20191221546551,473,1,2,18.1800003,24.6188011,0.0489462912,0.055595458,1.69068386E-04,30.0,1.182,1
473201200005489,109648406,2458850.9847672630,58850.484062500000,12.9802532,0.0125410911,32768,zr,187.2779288,2.0524192000000000,0.342999995,-0.00800000038,20200102484063,473,1,2,20.6499996,26.2035503,0.0258320924,0.111181274,1.30765184E-05,30.0,1.266,1
473201200005489,111950598,2458874.0088899583,58873.505983800000,12.9733744,0.0125497021,0,zr,187.2779242,2.0524193000000000,0.493999988,0.03200000152,20200125505984,473,1,2,21.2800007,26.2063675,0.0228196345,0.106189534,1.02403437E-05,30.0,1.143,1
473201200005489,112254520,2458877.0483791213,58876.545208300000,12.9793949,0.0125421649,0,zr,187.2779293,2.0524219000000000,1.128999949,-0.05200000107,20200128545139,473,1,2,21.3199997,26.2159958,0.0224393401,0.093981713,9.84536200E-06,30.0,1.218,1
473201200005489,112552619,2458880.0296141305,58879.526192100000,12.9552279,0.0125724673,0,zr,187.2779340,2.0524260000000000,0.500999987,0.00200000009,20200131526088,473,1,2,20.1499996,26.1930294,0.0336253420,0.108630568,2.21035480E-05,30.0,1.191,1
473201200005489,112951969,2458884.0234434386,58883.519699100000,12.9855270,0.0125344936,0,zr,187.2779106,2.0524278000000000,0.303999990,0.00100000005,20200204519664,473,1,2,20.1000004,26.1773357,0.0310503580,0.102311805,1.84189648E-05,30.0,1.201,3
473201200005489,112952060,2458884.0243463092,58883.520601900000,12.9756269,0.0125468811,0,zr,187.2779105,2.0524306000000000,0.303000003,-0.00300000003,20200204520590,473,1,2,20.2500000,26.1774826,0.0289334282,0.105730213,1.59332340E-05,30.0,1.203,1
473201200005489,113049719,2458885.0010197020,58884.497199100000,12.9731169,0.0125500243,0,zr,187.2779186,2.0524168000000000,0.275000006,0.00300000003,20200205497199,473,1,2,19.9500008,26.2078667,0.0390487872,0.100801669,2.98403338E-05,30.0,1.163,3
473201200005489,113153010,2458886.0340041970,58885.530104200000,12.9874372,0.0125321066,0,zr,187.2779334,2.0524148000000000,0.486999989,0.04600000009,20200206530069,473,1,2,20.9599991,26.2057686,0.0231854320,0.096390411,1.06441894E-05,30.0,1.247,3
473201200005489,113253723,2458887.0412100390,58886.537233800000,12.9718819,0.0125515712,0,zr,187.2779227,2.0524195000000000,0.588999987,0.02600000054,20200207537199,473,1,2,20.9799995,26.2165699,0.0242189616,0.102955371,1.15765124E-05,30.0,1.284,3
473201200005489,113253826,2458887.0422402155,58886.538263900000,12.9909000,0.0125277806,0,zr,187.2779271,2.0524159000000000,0.439999998,0.03599999845,20200207538194,473,1,2,20.8799992,26.2216797,0.0279385298,0.100927889,1.54560094E-05,30.0,1.288,1
473201200005489,113348415,2458887.9882019637,58887.484155100000,13.0055733,0.0125094811,0,zr,187.2779297,2.0524143000000000,1.536999941,0.00700000022,20200208484097,473,1,2,20.6200008,26.2181644,0.0293468256,0.092392273,1.68939023E-05,30.0,1.156,3
473201200005489,113446182,2458888.9659473480,58888.461828700000,12.9794521,0.0125420922,0,zr,187.2779068,2.0524252000000000,0.704999983,0.01600000076,20200209461794,473,1,2,19.5300007,26.2273064,0.0400814675,0.097003743,3.38514037E-05,30.0,1.141,3
473201200005489,114046226,2458894.9668016930,58894.462268500000,12.9782085,0.0125436485,0,zr,187.2779197,2.0524159000000000,1.763000011,0.08399999887,20200215462268,473,1,2,21.0799999,26.2068501,0.0227642022,0.092543282,1.01070418E-05,30.0,1.153,3
473201200005489,114046416,2458894.9687000164,58894.464166700000,12.9721823,0.0125511950,0,zr,187.2779235,2.0524216000000000,1.083999991,0.01999999955,20200215464097,473,1,2,21.0000000,26.2153549,0.0229698271,0.091120586,1.03438215E-05,30.0,1.155,1
473201200005489,114143502,2458895.9396191000,58895.435023100000,12.9822836,0.0125385504,0,zr,187.2779223,2.0524111000000000,0.370999992,0.04300000146,20200216434988,473,1,2,21.1200008,26.1976643,0.0225444473,0.101550706,9.98982432E-06,30.0,1.140,3
473201200005489,114435805,2458898.8628325290,58898.358055600000,12.9725990,0.0125506716,0,zr,187.2779137,2.0524082000000000,1.269000053,0.07299999893,20200219358056,473,1,2,21.4899998,26.1813507,0.0221053641,0.097597532,9.64544688E-06,30.0,1.248,3
473201200005489,114544010,2458899.9449451016,58899.440104200000,12.9818630,0.0125390766,0,zr,187.2779351,2.0524150000000000,1.159999967,0.02400000021,20200220440081,473,1,2,21.3500004,26.2057323,0.0226345640,0.095211156,9.99627810E-06,30.0,1.146,3
473201200005489,114738152,2458901.8864792210,58901.381527800000,12.9724674,0.0125508364,0,zr,187.2779362,2.0524197000000000,0.291999996,-0.01099999994,20200222381516,473,1,2,21.0400009,26.1737175,0.0261056665,0.109132253,1.32913037E-05,30.0,1.169,1
473201200005489,114738241,2458901.8873704704,58901.382419000000,12.9821110,0.0125387656,0,zr,187.2779398,2.0524250000000000,0.515999973,0.01300000027,20200222382419,473,1,2,21.0300007,26.1791477,0.0241108984,0.105971083,1.13365677E-05,30.0,1.168,3
473201200005489,115047328,2458904.9784029666,58904.473287000000,12.9655514,0.0125595070,0,zr,187.2779315,2.0524193000000000,0.508000016,-0.01200000010,20200225473287,473,1,2,20.8899994,26.1895485,0.0251516923,0.100727282,1.25191309E-05,30.0,1.231,1
473201200005489,115047418,2458904.9793058117,58904.474189800000,12.9856472,0.0125343446,0,zr,187.2779476,2.0524150000000000,0.526000023,0.00600000005,20200225474178,473,1,2,20.8099995,26.1887417,0.0266886093,0.101656199,1.40315742E-05,30.0,1.234,3
473201200005489,115244136,2458906.9465789017,58906.441365700000,12.9932756,0.0125248153,0,zr,187.2779262,2.0524201000000000,0.676999986,0.02099999972,20200227441100,473,1,2,21.1000004,26.1716156,0.0234050639,0.099680439,1.08389850E-05,30.0,1.169,3
473201200005489,115445148,2458908.9567878250,58908.451481500000,12.9600525,0.0125664081,0,zr,187.2779282,2.0524178000000000,0.716000021,0.01700000092,20200229451482,473,1,2,21.5599995,26.2006340,0.0246000998,0.101122849,1.17552672E-05,30.0,1.201,3
473201200005489,115445283,2458908.9581419853,58908.452835600000,12.9989176,0.0125177763,0,zr,187.2779277,2.0524292000000000,0.532000005,0.04300000146,20200229452836,473,1,2,21.4200001,26.1963120,0.0225311536,0.099172637,1.00055295E-05,30.0,1.204,1
473201200005489,115744998,2458911.9554218370,58911.449988400000,12.9740753,0.0125488229,0,zr,187.2779231,2.0524278000000000,0.368000001,-0.00200000009,20200303449988,473,1,2,20.5300007,26.1588173,0.0306167863,0.115956262,1.85699919E-05,30.0,1.219,1
473201200005489,115745089,2458911.9563246723,58911.450891200000,12.9729071,0.0125502860,0,zr,187.2779314,2.0524168000000000,0.187999994,-0.00100000005,20200303450891,473,1,2,20.5100002,26.1657372,0.0281048417,0.101742603,1.56068745E-05,30.0,1.221,3
473201200005489,115944393,2458913.9494452206,58913.443935200000,12.9780941,0.0125437919,0,zr,187.2779325,2.0524102000000000,1.266000032,0.03099999949,20200305443877,473,1,2,20.9899998,26.0039787,0.0260216091,0.100830898,1.33495769E-05,30.0,1.217,3
473201200005489,116037690,2458914.8824533630,58914.376909700000,12.9931545,0.0125249671,0,zr,187.2779322,2.0524173000000000,1.476999998,0.05000000075,20200306376910,473,1,2,20.8500004,26.1437607,0.0263319332,0.100425705,1.36518911E-05,30.0,1.141,3
473201200005489,116037925,2458914.8848030455,58914.379259300000,13.0159206,0.0124966037,0,zr,187.2779384,2.0524087000000000,0.492000014,0.05700000003,20200306379225,473,1,2,20.8799992,26.0549011,0.0291642807,0.097546265,1.67028047E-05,30.0,1.140,1
473201200005489,116140184,2458915.9074192797,58915.401840300000,12.9734821,0.0125495670,0,zr,187.2779262,2.0524185000000000,1.774999976,0.10599999875,20200307401759,473,1,2,20.3799992,26.0449142,0.0322466269,0.091855966,2.03709460E-05,30.0,1.150,3
473201200005489,118239976,2458936.9056841800,58936.399768500000,13.0142393,0.0124986945,0,zr,187.2779248,2.0524294000000000,2.012000084,0.07800000161,20200328399768,473,1,2,21.1399994,26.1583195,0.0224047229,0.090589099,9.88011107E-06,30.0,1.280,1
473201200005489,118240067,2458936.9065869780,58936.400671300000,13.0008879,0.0125153186,0,zr,187.2779236,2.0524167000000000,1.077999949,0.05600000173,20200328400671,473,1,2,21.3500004,26.1527977,0.0230710879,0.094665848,1.04039500E-05,30.0,1.283,3
473201200005489,118537199,2458939.8778932240,58939.371990700000,13.0222025,0.0124887973,32768,zr,187.2779221,2.0524088000000000,0.219999999,0.02099999972,20200331371979,473,1,2,19.8999996,25.5199928,0.0407724269,0.099798188,3.27031012E-05,30.0,1.214,1
473201200005489,118537288,2458939.8787844170,58939.372881900000,13.0355530,0.0124722356,0,zr,187.2779330,2.0524116000000000,0.767000020,-0.01400000043,20200331372882,473,1,2,20.1299992,25.7005100,0.0370284617,0.100940950,2.66540501E-05,30.0,1.217,3
473201200005489,118623568,2458940.7415787580,58940.235682900000,13.1741800,0.0123027442,32768,zr,187.2779131,2.0524113000000000,0.899999976,-0.06199999899,20200401235671,473,1,2,18.7800007,24.5695400,0.0759517029,0.076805592,2.26156859E-04,30.0,1.276,1
473201200005489,118623658,2458940.7424814515,58940.236585600000,13.0859642,0.0124100680,32768,zr,187.2779352,2.0524084000000000,1.554000020,-0.04899999872,20200401236574,473,1,2,18.3299999,24.0490284,0.0959508643,0.091267936,5.19566471E-04,30.0,1.273,3
473201200005489,118737366,2458941.8795541786,58941.373669000000,13.0216713,0.0124894567,0,zr,187.2779340,2.0524170000000000,0.521000028,-0.00899999961,20200402373669,473,1,2,21.0699997,26.1852551,0.0219335873,0.095857888,9.44292879E-06,30.0,1.235,3
473201200005489,119034056,2458944.8464141553,58944.340567100000,13.0394993,0.0124673471,0,zr,187.2779244,2.0524247000000000,0.637000024,0.03299999982,20200405340567,473,1,2,20.2500000,26.1803246,0.0285836700,0.093629286,1.61513653E-05,30.0,1.174,3
473201200005489,120025534,2458954.7609613920,58954.255347200000,13.0208960,0.0124904206,0,zr,187.2779400,2.0524173000000000,0.672999978,0.05900000036,20200415255347,473,1,2,21.4500008,26.1444454,0.0220942516,0.102735154,9.66579773E-06,30.0,1.147,3
473201200005489,120125254,2458955.7581282600,58955.252546300000,13.0142450,0.0124986861,0,zr,187.2779215,2.0524231000000000,0.259000003,0.02300000004,20200416252523,473,1,2,21.2800007,26.1730480,0.0226049423,0.104186408,1.01452888E-05,30.0,1.147,1
473201200005489,120126865,2458955.7742388286,58955.268657400000,13.0133324,0.0124998214,0,zr,187.2779316,2.0524146000000000,0.615999997,0.07599999756,20200416268657,473,1,2,21.2399998,26.1663342,0.0239314772,0.108370341,1.12195630E-05,30.0,1.140,3
473201200005489,120229827,2458956.8038219633,58956.298275500000,13.0200100,0.0124915196,0,zr,187.2779267,2.0524181000000000,1.037999988,0.02300000004,20200417298241,473,1,2,21.1000004,26.0641079,0.0234530568,0.094710968,1.07963288E-05,30.0,1.160,3
473201200005489,120827893,2458962.7842459027,58962.278935200000,13.0320663,0.0124765569,0,zr,187.2779380,2.0524207000000000,0.529999971,-0.00800000038,20200423278924,473,1,2,21.2900009,26.1737595,0.0218781475,0.098978981,9.45448573E-06,30.0,1.156,1
473201200005489,120827983,2458962.7851486630,58962.279838000000,13.0203934,0.0124910437,0,zr,187.2779338,2.0524142000000000,0.453999996,0.00899999961,20200423279826,473,1,2,21.3700008,26.1700230,0.0224302094,0.099567704,9.89857472E-06,30.0,1.157,3
473201200005489,121025288,2458964.7581028524,58964.252881900000,13.0316153,0.0124771157,0,zr,187.2779203,2.0524297000000000,1.554999948,0.04899999872,20200425252870,473,1,2,21.2500000,26.1505814,0.0236766711,0.103062488,1.10661877E-05,30.0,1.141,3
473201200005489,121128759,2458965.7927642027,58965.287592600000,13.0167761,0.0124955392,0,zr,187.2779319,2.0524076000000000,0.377000004,0.00700000022,20200426287593,473,1,2,21.5499992,26.1785545,0.0209080409,0.099804126,8.70061831E-06,30.0,1.183,1
473201200005489,121128849,2458965.7936669590,58965.288495400000,13.0160055,0.0124964975,0,zr,187.2779363,2.0524139000000000,0.582000017,0.06100000069,20200426288495,473,1,2,21.5599995,26.1725101,0.0214734245,0.101374626,9.17386296E-06,30.0,1.185,3
473201200005489,121220787,2458966.7129968065,58966.207870400000,13.0131445,0.0125000551,32768,zr,187.2779423,2.0524222000000000,0.490000010,0.03200000152,20200427207859,473,1,2,19.4300003,24.4408169,0.1011226550,0.089234367,3.03610403E-04,30.0,1.163,3
473201200005489,121316981,2458967.6748926444,58967.169814800000,13.0119743,0.0125015108,0,zr,187.2779237,2.0524196000000000,0.609000027,0.00800000038,20200428169722,473,1,2,21.1900005,26.1506252,0.0231613871,0.102811098,1.04863238E-05,30.0,1.247,3
473201200005489,121420225,2458968.7072811950,58968.202256900000,13.0168114,0.0124954954,0,zr,187.2779254,2.0524013000000000,0.972000003,0.07000000030,20200429202257,473,1,2,21.4099998,26.1846409,0.0249317251,0.107793964,1.23672407E-05,30.0,1.164,3
473201200005489,121420413,2458968.7091560964,58968.204131900000,13.0079174,0.0125065614,0,zr,187.2779283,2.0524176000000000,0.300000012,0.00800000038,20200429204120,473,1,2,21.4500008,26.2015800,0.0235597678,0.103548989,1.10079254E-05,30.0,1.161,1
473201200005489,121529668,2458969.8016556688,58969.296689800000,13.0408974,0.0124656167,32768,zr,187.2778791,2.0524628000000000,1.422000051,-0.01400000043,20200430296678,473,1,2,18.0900002,23.9629459,0.1548686177,-0.031495117,2.13895482E-03,30.0,1.234,3
473201200005489,121619143,2458970.6963520910,58970.191435200000,13.0222549,0.0124887321,0,zr,187.2779412,2.0524158000000000,0.921999991,-0.00800000038,20200501191377,473,1,2,20.7099991,26.1878052,0.0273413658,0.112608552,1.46877155E-05,30.0,1.172,3
473201200005489,121721055,2458971.7154153683,58971.210555600000,13.0494432,0.0124550480,0,zr,187.2779348,2.0524194000000000,1.108999968,0.01700000092,20200502210556,473,1,2,20.6499996,26.2197590,0.0282017775,0.096852288,1.56690039E-05,30.0,1.146,1
473201200005489,121721157,2458971.7164338110,58971.211574100000,13.0127869,0.0125005003,0,zr,187.2779308,2.0524067000000000,0.731000006,-0.01899999939,20200502211528,473,1,2,20.8099995,26.2237530,0.0266047698,0.097169310,1.41355968E-05,30.0,1.145,3
473201200005489,122120255,2458975.7071806160,58975.202557900000,13.0195036,0.0124921491,0,zr,187.2779472,2.0524132000000000,1.291000009,-0.01600000076,20200506202558,473,1,2,19.9500008,26.2270355,0.0351347178,0.109021977,2.47975877E-05,30.0,1.144,1
473201200005489,122424788,2458978.7523100795,58978.247881900000,13.0258150,0.0124843111,0,zr,187.2779420,2.0524071000000000,0.675999999,0.08799999952,20200509247882,473,1,2,21.0200005,26.2069473,0.0263507217,0.098464832,1.37584684E-05,30.0,1.175,1
473201200005489,122724912,2458981.7533457930,58981.249120400000,13.0357552,0.0124719851,0,zr,187.2779339,2.0524222000000000,0.469000012,0.02400000021,20200512249109,473,1,2,21.1499996,26.1938591,0.0218235143,0.098616958,9.36477409E-06,30.0,1.194,1
473201200005489,123225555,2458986.7594196220,58986.255555600000,13.0062237,0.0125086699,0,zr,187.2779332,2.0524075000000000,1.353000045,0.05099999905,20200517255556,473,1,2,21.5200005,26.1769314,0.0240191668,0.102877691,1.13779361E-05,30.0,1.251,1
473201200005489,123823427,2458992.7376686240,58992.234270800000,13.0288773,0.0124805113,0,zr,187.2779327,2.0524134000000000,0.555999994,0.02400000021,20200523234271,473,1,2,21.5200005,26.1722946,0.0230691880,0.100987852,1.04306164E-05,30.0,1.235,1
473201200005489,124122942,2458995.7325728430,58995.229421300000,13.0444593,0.0124612097,0,zr,187.2779082,2.0523995000000000,0.223000005,0.01600000076,20200526229421,473,1,2,21.3500004,26.1811466,0.0237255264,0.093794383,1.11079435E-05,30.0,1.246,1
473201200005489,124422516,2458998.7280596276,58998.225162000000,13.0107374,0.0125030512,0,zr,187.2779281,2.0524119000000000,0.456999987,0.00600000005,20200529225162,473,1,2,21.4400005,26.1742496,0.0247566625,0.100846276,1.21268558E-05,30.0,1.260,1
473201200005489,126323525,2459017.7364085300,59017.235254600000,13.0432901,0.0124626569,0,zr,187.2779439,2.0524193000000000,0.561999977,0.04300000146,20200617235255,473,1,2,21.3299999,26.1809425,0.0229071733,0.109683566,1.04262344E-05,30.0,1.667,1
473201200005489,126623638,2459020.7372535616,59020.236388900000,13.0930138,0.0124014225,0,zr,187.2779376,2.0524109000000000,1.243999958,0.07400000095,20200620236377,473,1,2,21.2000008,26.1161118,0.0279711746,0.106593832,1.53442415E-05,30.0,1.777,1
473201200005489,127917616,2459033.6757760616,59033.176169000000,13.0402355,0.0124664372,0,zr,187.2779349,2.0524298000000000,0.414000005,-0.00700000022,20200703176100,473,1,2,20.0100002,26.2100811,0.0346928984,0.108447075,2.35742500E-05,30.0,1.522,1
473201200005489,142150212,2459175.9990023663,59175.502129600000,13.1283846,0.0123582203,32768,zr,187.2779095,2.0524374000000000,0.685000002,0.00200000009,20201122502095,473,1,2,18.1900005,23.4722843,0.0996548533,0.029245822,7.06708699E-04,30.0,2.137,1
473201200005489,142256158,2459177.0585461530,59176.561585600000,13.1296139,0.0123567237,0,zr,187.2779292,2.0524182000000000,0.414999992,0.00600000005,20201123561586,473,1,2,19.8199997,26.1971169,0.0363788903,0.102563798,2.60234829E-05,30.0,1.410,1
473201200005489,142656134,2459181.0586440116,59180.561342600000,13.1304512,0.0123557057,0,zr,187.2779361,2.0524258000000000,0.379999995,-0.00200000009,20201127561343,473,1,2,19.4699993,26.2326698,0.0406692103,0.101572692,3.58880316E-05,30.0,1.349,1
473201200005489,143050668,2459185.0043411474,59184.506689800000,13.0797281,0.0124177272,0,zr,187.2779326,2.0524278000000000,0.185000002,-0.00899999961,20201201506690,473,1,2,20.2099991,26.1904736,0.0307696126,0.108885206,1.82055901E-05,30.0,1.691,1
473201200005489,143451071,2459189.0087364935,59188.510717600000,13.1148520,0.0123747140,0,zr,187.2779089,2.0524315000000000,0.827000022,-0.01600000076,20201205510706,473,1,2,20.5000000,26.2231617,0.0327051468,0.090295352,2.06202658E-05,30.0,1.543,1
473201200005489,144051609,2459195.0146892746,59194.516099500000,13.1096382,0.0123810796,0,zr,187.2779281,2.0524224000000000,0.266999990,0.00800000038,20201211516100,473,1,2,20.9599991,26.1449318,0.0250224099,0.106159084,1.21825060E-05,30.0,1.388,1
473201200005489,144448471,2459198.9836878860,59198.484710600000,13.1035604,0.0123885097,0,zr,187.2779409,2.0524014000000000,0.372999996,-0.00000000000,20201215484711,473,1,2,20.1100006,26.2042465,0.0344890095,0.115673922,2.30812129E-05,30.0,1.532,1
473201200005489,144652548,2459201.0246651117,59200.525486100000,13.1152897,0.0123741794,32768,zr,187.2779273,2.0524228000000000,0.479000002,0.01300000027,20201217525486,473,1,2,20.2000008,25.4408989,0.0344745629,0.104118831,2.34572308E-05,30.0,1.265,1
473201200005489,144949910,2459203.9985838723,59203.499108800000,13.0862665,0.0124096964,0,zr,187.2779454,2.0524211000000000,0.479000002,0.00000000000,20201220499109,473,1,2,20.2600002,26.2200603,0.0338942260,0.109484620,2.24392807E-05,30.0,1.346,1
473201200005489,146251509,2459217.0158747197,59216.515092600000,13.1612902,0.0123183066,0,zr,187.2779336,2.0524200000000000,0.449999988,0.00899999961,20210102515093,473,1,2,20.0699997,26.1279163,0.0402103923,0.105135277,3.13217206E-05,30.0,1.174,1
473201200005489,146744380,2459221.9450803520,59221.443807900000,13.1176672,0.0123712784,0,zr,187.2779293,2.0524190000000000,0.314999998,-0.00600000005,20210107443808,473,1,2,20.4200001,26.1467838,0.0311439745,0.103839986,1.90602368E-05,30.0,1.379,1
473201200005489,146946798,2459223.9694578320,59223.467986100000,13.1013727,0.0123911854,0,zr,187.2779234,2.0524182000000000,0.933000028,-0.00600000005,20210109467975,473,1,2,20.4400005,26.2362690,0.0324437357,0.105182119,2.04910048E-05,30.0,1.246,1
473201200005489,147150393,2459226.0056057220,59225.503935200000,13.1404295,0.0123435771,32768,zr,187.2779385,2.0524216000000000,0.711000025,-0.00499999989,20210111503935,473,1,2,18.8099995,25.3520012,0.0453495681,0.083679147,7.98205001E-05,30.0,1.154,1
473201200005489,147337896,2459227.8808217067,59227.378969900000,13.1105947,0.0123799117,0,zr,187.2779277,2.0524190000000000,0.644999981,0.02700000070,20210113378970,473,1,2,20.8500004,25.9574471,0.0306421630,0.103607982,1.82560107E-05,30.0,1.820,1
473201200005489,147543337,2459229.9354280517,59229.433379600000,13.1012020,0.0123913949,0,zr,187.2779221,2.0524276000000000,0.344000012,0.00000000000,20210115433368,473,1,2,19.9400005,26.2139740,0.0380484462,0.111155517,2.85863989E-05,30.0,1.320,1
473201200005489,147748258,2459231.9848230930,59231.482581000000,13.1369247,0.0123478351,0,zr,187.2779187,2.0524171000000000,0.711000025,-0.01300000027,20210117482581,473,1,2,21.2800007,26.2392769,0.0227710865,0.100578196,1.01867463E-05,30.0,1.161,1
473201200005489,149541293,2459249.9167337360,59249.412939800000,13.1131516,0.0123767881,0,zr,187.2779357,2.0524282000000000,0.524999976,0.00000000000,20210204412940,473,1,2,20.2000008,26.2272072,0.0310885813,0.117313810,1.88040449E-05,30.0,1.200,1
473201200005489,149746186,2459251.9658146217,59251.461863400000,13.1192322,0.0123693692,0,zr,187.2779308,2.0524206000000000,0.906000018,0.05900000036,20210206461863,473,1,2,21.3199997,26.2497597,0.0216511823,0.102732509,9.07890990E-06,30.0,1.139,1
473201200005489,149948702,2459253.9911273780,59253.487025500000,13.1516027,0.0123300292,0,zr,187.2779291,2.0524200000000000,1.021000028,-0.02500000037,20210208487025,473,1,2,21.3400002,26.2228985,0.0216242541,0.096557915,9.18020396E-06,30.0,1.162,1
473201200005489,150141603,2459255.9202708644,59255.416030100000,13.1176004,0.0123713613,0,zr,187.2779307,2.0524150000000000,0.517000020,0.03700000048,20210210415972,473,1,2,21.6800003,26.2329273,0.0217852015,0.102237664,9.33754109E-06,30.0,1.162,1
473201200005489,150836114,2459262.8658467680,59262.361145800000,13.1274824,0.0123593193,0,zr,187.2779271,2.0524236000000000,0.981000006,0.04800000042,20210217361146,473,1,2,21.1100006,26.2088223,0.0244865119,0.110800803,1.15900375E-05,30.0,1.247,1
473201200005489,151037339,2459264.8782132147,59264.373391200000,13.1314096,0.0123545397,0,zr,187.2779336,2.0524253000000000,0.778999984,0.03599999845,20210219373391,473,1,2,21.5799999,26.2513390,0.0243329480,0.110370971,1.14722334E-05,30.0,1.197,1
473201200005489,151236018,2459266.8651210414,59266.360185200000,13.1462107,0.0123365633,0,zr,187.2779331,2.0524252000000000,0.486999989,0.00499999989,20210221360185,473,1,2,19.9400005,26.2344494,0.0351626053,0.106939845,2.41135258E-05,30.0,1.216,1
473201200005489,151435158,2459268.8566297553,59268.351585600000,13.1657171,0.0123129562,0,zr,187.2779335,2.0524098000000000,0.648999989,0.04399999976,20210223351586,473,1,2,20.8600006,26.2326050,0.0255039576,0.107522711,1.28740330E-05,30.0,1.225,1
473201200005489,151635484,2459270.8599966737,59270.354849500000,13.1588821,0.0123212161,0,zr,187.2779422,2.0524313000000000,0.625999987,-0.00700000022,20210225354595,473,1,2,19.9500008,26.2339745,0.0351633094,0.098116882,2.47483986E-05,30.0,1.202,1
473201200005489,151844189,2459272.9471461535,59272.441898100000,13.1816540,0.0122937411,0,zr,187.2779252,2.0524213000000000,0.437999994,0.01899999939,20210227441875,473,1,2,19.4899998,26.2519760,0.0378516167,0.092350915,3.00707816E-05,30.0,1.173,1
473201200005489,152138327,2459275.8886543293,59275.383275500000,13.1493530,0.0123327533,0,zr,187.2779261,2.0524145000000000,0.657999992,0.04100000113,20210302383275,473,1,2,20.2099991,26.2717094,0.0320554078,0.098867364,1.99862116E-05,30.0,1.141,1
473201200005489,152442453,2459278.9300367343,59278.424537000000,13.1652517,0.0123135187,0,zr,187.2779257,2.0524124000000000,0.246999994,0.00499999989,20210305424525,473,1,2,20.8299999,26.2489510,0.0254724044,0.103556588,1.27379471E-05,30.0,1.171,1
473201200005489,152728783,2459281.7934355326,59281.287835600000,13.1396704,0.0123445000,0,zr,187.2779368,2.0524271000000000,0.402000010,0.00999999978,20210308287824,473,1,2,21.1000004,26.1951523,0.0242375359,0.104436323,1.15210996E-05,30.0,1.337,1
473201200005489,153735041,2459291.8562607230,59291.350416700000,13.1499853,0.0123319868,0,zr,187.2779339,2.0524183000000000,0.615999997,0.04500000179,20210318350405,473,1,2,21.6100006,26.2213821,0.0218603630,0.106521972,9.32809144E-06,30.0,1.139,1
473201200005489,153925383,2459293.7597018355,59293.253831000000,13.1731501,0.0123039866,0,zr,187.2779364,2.0524187000000000,0.711000025,0.04699999839,20210320253819,473,1,2,21.2800007,26.2245731,0.0216940939,0.098909475,9.25320819E-06,30.0,1.343,1
473201200005489,154235774,2459296.8636444680,59296.357743100000,13.1708002,0.0123068197,0,zr,187.2779359,2.0524151000000000,0.232999995,0.00400000019,20210323357743,473,1,2,20.3400002,26.1759109,0.0263430197,0.101619788,1.35641785E-05,30.0,1.148,1
473201200005489,154437850,2459298.8844192670,59298.378506900000,13.1923962,0.0122808237,0,zr,187.2779324,2.0524212000000000,0.416000009,0.03599999845,20210325378495,473,1,2,20.2299995,26.0682125,0.0354139656,0.101781242,2.45782176E-05,30.0,1.187,1
473201200005489,155325395,2459307.7598367888,59307.253958300000,13.1764536,0.0123000024,0,zr,187.2779249,2.0524136000000000,0.485000014,0.01899999939,20210403253958,473,1,2,21.3999996,26.2108936,0.0225462373,0.100619994,9.93313097E-06,30.0,1.201,1
473201200005489,155527732,2459309.7831785260,59309.277326400000,13.1720104,0.0123053603,0,zr,187.2779281,2.0524058000000000,0.713000000,0.03500000015,20210405277326,473,1,2,21.2600002,26.2208996,0.0214693677,0.102378160,9.06775767E-06,30.0,1.151,1
473201200005489,155731226,2459311.8180871630,59311.312268500000,13.1837893,0.0122911697,0,zr,187.2779261,2.0524176000000000,0.456000000,-0.00400000019,20210407312234,473,1,2,21.5499992,26.2049503,0.0222044550,0.097700909,9.68373479E-06,30.0,1.144,1
473201200005489,155929841,2459313.8041937235,59313.298414400000,13.1802225,0.0122954631,0,zr,187.2779323,2.0524160000000000,0.662000000,0.05700000003,20210409298414,473,1,2,20.9699993,25.8209953,0.0266914070,0.107069254,1.40424145E-05,30.0,1.140,1
473201200005489,156125347,2459315.7592063990,59315.253472200000,13.1306095,0.0123555129,32768,zr,187.2778300,2.0524977000000000,3.516999960,0.01099999994,20210411253472,473,1,2,17.9099998,23.4902191,0.0647055283,0.052987866,4.18932061E-04,30.0,1.160,1
473201200005489,156333083,2459317.8365126816,59317.330833300000,13.1748209,0.0123019703,0,zr,187.2779388,2.0524115000000000,0.225999996,-0.00400000019,20210413330833,473,1,2,21.3700008,26.2032967,0.0215051007,0.104611814,9.08943821E-06,30.0,1.197,1
473201200005489,156729844,2459321.8040044117,59321.298449100000,13.1607037,0.0123190144,0,zr,187.2779373,2.0524161000000000,0.861000001,0.07999999821,20210417298449,473,1,2,21.7199993,26.1962242,0.0217738170,0.104726784,9.31756404E-06,30.0,1.158,1
473201200005489,156931604,2459323.8215243470,59323.316041700000,13.1624584,0.0123168929,0,zr,187.2779359,2.0524192000000000,0.820999980,-0.00100000005,20210419316042,473,1,2,21.2500000,26.1941738,0.0231213123,0.098658822,1.04555975E-05,30.0,1.200,1
473201200005489,157127763,2459325.7830448705,59325.277638900000,13.1852703,0.0122893890,0,zr,187.2779347,2.0524159000000000,0.510999978,0.00100000005,20210421277639,473,1,2,21.0200005,26.2214279,0.0222218540,0.100615643,9.58309829E-06,30.0,1.147,1
473201200005489,158027291,2459334.7778978515,59334.272916700000,13.1712465,0.0123062804,0,zr,187.2779357,2.0524227000000000,0.312000006,-0.01200000010,20210430272917,473,1,2,20.8099995,26.1910896,0.0242793411,0.113394037,1.15247922E-05,30.0,1.173,1
473201200005489,158231054,2459336.8154129200,59336.310544000000,13.1789122,0.0122970408,0,zr,187.2779297,2.0524146000000000,0.425999999,0.01999999955,20210502310532,473,1,2,21.2500000,26.1709919,0.0224371478,0.096231401,9.66954576E-06,30.0,1.302,1
473201200005489,158425482,2459338.7595830030,59338.254826400000,13.1727228,0.0123045007,0,zr,187.2779276,2.0524122000000000,0.460000008,0.00400000019,20210504254780,473,1,2,21.3799992,26.1856041,0.0235467553,0.100448839,1.09155972E-05,30.0,1.161,1
473201200005489,158827506,2459342.7795779190,59342.275069400000,13.1756477,0.0123009756,0,zr,187.2779318,2.0524253000000000,0.430000007,0.03900000080,20210508275069,473,1,2,21.2500000,26.1504440,0.0234196242,0.108374022,1.05972531E-05,30.0,1.231,1
473201200005489,159024624,2459344.7506294010,59344.246250000000,13.1710396,0.0123065300,0,zr,187.2779177,2.0524102000000000,0.819000006,0.01999999955,20210510246250,473,1,2,21.6000004,26.1646595,0.0227436572,0.097283117,1.01626210E-05,30.0,1.174,1
473201200005489,159517612,2459349.6801588377,59349.176122700000,13.1487312,0.0123335086,0,zr,187.2779315,2.0524123000000000,0.252000004,0.01099999994,20210515176123,473,1,2,21.5900002,26.1781006,0.0233068485,0.103591397,1.06922926E-05,30.0,1.144,1
473201200005489,159823818,2459352.7419921043,59352.238182900000,13.1649580,0.0123138726,0,zr,187.2779404,2.0524162000000000,0.137999997,0.00100000005,20210518238171,473,1,2,20.4099998,26.1287460,0.0287240837,0.107086338,1.60211894E-05,30.0,1.204,1
473201200005489,160021134,2459354.7150003994,59354.211342600000,13.1835823,0.0122914193,0,zr,187.2779307,2.0524205000000000,0.234999999,-0.00300000003,20210520211343,473,1,2,20.7000008,26.2078342,0.0269650966,0.101457544,1.45047225E-05,30.0,1.162,1
473201200005489,160431006,2459358.8134005475,59358.310069400000,13.2041531,0.0122667253,0,zr,187.2779227,2.0524274000000000,0.382999986,0.00700000022,20210524310069,473,1,2,19.4799995,26.1058235,0.0443552621,0.108822070,4.38564166E-05,30.0,1.764,1
473201200005489,160721395,2459361.7170489854,59361.213958300000,13.1713543,0.0123061519,0,zr,187.2779327,2.0524155000000000,0.485000014,0.00200000009,20210527213935,473,1,2,20.8099995,26.2516479,0.0253275074,0.100067504,1.25348733E-05,30.0,1.205,1
473201200005489,160920672,2459363.7096460653,59363.206724500000,13.1858454,0.0122886971,0,zr,187.2779358,2.0524147000000000,0.509000003,-0.00200000009,20210529206725,473,1,2,21.4500008,26.2411842,0.0211009774,0.100563854,8.64279446E-06,30.0,1.200,1
473201200005489,161319219,2459367.6947732850,59367.192199100000,13.2039967,0.0122669106,0,zr,187.2779307,2.0524053000000000,0.632000029,0.03599999845,20210602192199,473,1,2,21.2800007,26.0519848,0.0280827265,0.100249477,1.53578585E-05,30.0,1.192,1
473201200005489,161520722,2459369.7096164810,59369.207222200000,13.2111931,0.0122582978,0,zr,187.2779284,2.0524148000000000,0.568000019,-0.02199999988,20210604207199,473,1,2,21.5000000,26.1885471,0.0209236890,0.095568746,8.61678836E-06,30.0,1.250,1
473201200005489,161921116,2459373.7131983350,59373.211169000000,13.1868458,0.0122874938,0,zr,187.2779238,2.0524202000000000,0.561999977,0.05999999866,20210608211123,473,1,2,21.2999992,26.2005367,0.0225131661,0.104442112,9.93201138E-06,30.0,1.309,1
473201200005489,162321103,2459377.7126863740,59377.211030100000,13.1636543,0.0123154484,0,zr,187.2779390,2.0524155000000000,0.680999994,0.06300000101,20210612210984,473,1,2,21.5100002,26.2159824,0.0241876878,0.100516610,1.13903352E-05,30.0,1.363,1
473201200005489,162521287,2459379.7143373378,59379.212870400000,13.1632662,0.0123159159,0,zr,187.2779364,2.0524091000000000,0.944000006,0.01600000076,20210614212870,473,1,2,21.3899994,26.1879997,0.0263933409,0.102813087,1.34798584E-05,30.0,1.406,1
473201200005489,163123744,2459385.7383314073,59385.237442100000,13.2091684,0.0122607201,0,zr,187.2779311,2.0524222000000000,0.561999977,0.02800000086,20210620237419,473,1,2,19.9500008,26.1353760,0.0382641107,0.099702753,2.88942392E-05,30.0,1.778,1
473201200005489,163321782,2459387.7185217394,59387.217824100000,13.1577539,0.0123225804,0,zr,187.2779295,2.0524195000000000,0.490999997,0.02899999917,20210622217755,473,1,2,20.2299995,26.0754509,0.0347307511,0.104909733,2.38975335E-05,30.0,1.617,1
473201200005489,163919333,2459393.6934500190,59393.193333300000,13.1654053,0.0123133333,0,zr,187.2779550,2.0524138000000000,0.644999981,0.02400000021,20210628193310,473,1,2,21.1700001,26.1315231,0.0237983894,0.111720748,1.10935198E-05,30.0,1.542,1
